A,B,C,D,E,Item,Patrimônio,P. Antigo,Descrição,Localização,VI. Aquisição (R$),
TRUE,FALSE,FALSE,FALSE,FALSE,1,00000870,18738,ARMARIO ALTO EM MADEIRA - DESCRICAO: COM ACABAMENTO EM LAMINADO MELAMINICO COM 02 PORTAS,"000960 30304001 SEÇÃO DE ATENDIMENTO E ΑΡΟΙΟ AO USUÁRIO SECAT-100000279-TRE-CE-NOVA SEDE - TERREO - RUA DR. PONTES NETO, 800- BAIRRO LUCIANO CAVALCANTE SECAT ",329,
TRUE,FALSE,FALSE,FALSE,FALSE,2,00011918,,REFRIGERADOR TIPO FRIGOBAR DESCRICAO: COR BRANCA 120 LITROS MARCA: CONSUL MODELO: CRT12CBBNA SERIE: J10056293,"001082-0100000092 - SEÇÃO DE SUPORTE E ATENDIMENTO AO USUÁRIO SESAT 100000279-TRE-CE NOVA SEDE TERREO - RUA DR. PONTES NETO, 800 BAIRRO LUCIANO CAVALCANTE SESAT ",512,
TRUE,FALSE,FALSE,FALSE,FALSE,3,00016821,,"CADEIRA GIRATORIA EM TECIDO DESCRICAO: NA COR PRETA, TIPO DIGITADOR, SEM BRAÇOS ","000960 30304001 SEÇÃO DE ATENDIMENTO E ΑΡΟΙΟ AO USUÁRIO SECAT-100000279-TRE-CE-NOVA SEDE - TERREO - RUA DR. PONTES NETO, 800- BAIRRO LUCIANO CAVALCANTE - SECAT ",280,
TRUE,FALSE,FALSE,FALSE,FALSE,4,00016864,,BANCADA DE TRABALHO DESCRICAO: ESTAÇÃO DE TRABALHO TIPO 1 - MARCA: ELLAN-MODELO: SAM,"001082-0100000092 - SEÇÃO DE SUPORTE E ATENDIMENTO AO USUÁRIO - SESAT 100000279-TRE-CE NOVA SEDE TÉRREO - RUA DR. PONTES NETO, 800 BAIRRO LUCIANO CAVALCANTE - SESAT ",4.750.00,
TRUE,FALSE,FALSE,FALSE,FALSE,5,00016865,,BANCADA DE TRABALHO DESCRICAO: ESTAÇÃO DE TRABALHO TIPO 1 MARCA: ELLAN-MODELO: SAM,"001082-0100000092 - SEÇÃO DE SUPORTE E ATENDIMENTO AO USUÁRIO SESAT 100000279-TRE-CE NOVA SEDE TERREO - RUA DR. PONTES NETO, 800 BAIRRO LUCIANO CAVALCANTE - SESAT ","4.750,00",
TRUE,FALSE,FALSE,FALSE,FALSE,6,00016866,,BANCADA DE TRABALHO DESCRICAO: ESTAÇÃO DE TRABALHO TIPO 1 MARCA: ELLAN-MODELO: SAM,"001082-0100000092 - SEÇÃO DE SUPORTE E ATENDIMENTO AO USUÁRIO SESAT 100000279-TRE-CE NOVA SEDE TÉRREO - RUA DR. PONTES NETO, 800 BAIRRO LUCIANO CAVALCANTE - SESAT ","4.750,00",
FALSE,FALSE,FALSE,FALSE,FALSE,7,00020871,ET2042228,MULTIMETRO DIGITAL DESCRICAO: PORTÁTIL MARCA: MINIPA MODELO: ET-2042,"0607-30304001 - SEÇÃO DE ATENDIMENTO E APOIO AO USUÁRIO - SECAT-01010200- TRE CE-SEDE - CENTRO, 1º ANDAR - SECAT ",101,
FALSE,FALSE,FALSE,FALSE,FALSE,8,00021086,0,"ROTULADORA. DESCRICAO: MODELO PT 1600, P/ IMPRESSÃO DE CABEAMENTOS, IMPRESSÃO HORIZONTAL, VERTICAL E ESPELHADA E CÓDIGOS DE BARRA, ACOMPANHADO DE FONTE 120V/7,8VDC ","001082-0100000092 - SEÇÃO DE SUPORTE E ATENDIMENTO AO USUÁRIO - SESAT 100000279-TRE-CE NOVA SEDE TÉRREO - RUA DR. PONTES NETO, 800 BAIRRO LUCIANO CAVALCANTE - SESAT ","1.320,00",
FALSE,FALSE,FALSE,FALSE,FALSE,9,00022632,,APARELHO DE VIDEO CASSETE DESCRICAO: 7 CABEÇAS MARCA: SEMP TOSHIBA MODELO: VC X912 SERIE: AA019862,"0607-30304001 - SEÇÃO DE ATENDIMENTO E APOIO AO USUÁRIO - SECAT-01010200 - TRE CE-SEDE - CENTRO, 1º ANDAR SECAT ",330,
FALSE,FALSE,FALSE,FALSE,FALSE,10,00026171,,CAMERA FOTOGRAFICA DIGITAL DESCRICAO: 7.2 MP MARCA: SONY MODELO: DSC-P200-SERIE: 9006877,"001082-0100000092 - SEÇÃO DE SUPORTE E ATENDIMENTO AO USUÁRIO SESAT 100000279-TRE-CE NOVA SEDE TÉRREO - RUA DR. PONTES NETO, 800 BAIRRO LUCIANO CAVALCANTE SESAT ",715,
FALSE,FALSE,FALSE,FALSE,FALSE,11,00026758,,"MESA PARA MICROCOMPUTADOR DESCRICAO: REVESTIDA EM LAMINADO MELAMINICO NA COR OVO, MED. 0,80Χ0,60X0,74M, C/TECLADO TELESCÓPICO ","000960 30304001 SEÇÃO DE ATENDIMENTO E ΑΡΟΙΟ ΑΟ USUÁRIO SECAT-100000279-TRE-CE-NOVA SEDE - TÉRREO - RUA DR. PONTES NETO, 800- BAIRRO LUCIANO CAVALCANTE SECAT ","150,48",
TRUE,FALSE,FALSE,FALSE,FALSE,12,00027215,,"MESA PARA MICROCOMPUTADOR DESCRICAO: REVESTIDA EM LAMINADO MELAMINICO NA COR OVO, MED. 0,80Χ0,60X0,74M, C/TECLADO TELESCÓPICO ","000960 30304001 SEÇÃO DE ATENDIMENTO E ΑΡΟΙΟ ΑΟ USUÁRIO SECAT-100000279-TRE-CE - NOVA SEDE - TERREO - RUA DR. PONTES NETO, 800- BAIRRO LUCIANO CAVALCANTE SECAT ","150,48",
TRUE,FALSE,FALSE,FALSE,FALSE,13,00027727,,"MONITOR DE VIDEO LCD - DESCRICAO: 17"""" - MARCA: AOC SERIE: CDA014515 ","001082-0100000092 - SEÇÃO DE SUPORTE E ATENDIMENTO AO USUÁRIO SESAT 100000279-TRE-CENOVA SEDE TÉRREO-RUA DR. PONTES NETO, 800 BAIRRO LUCIANO CAVALCANTE SESAT ","553,57",
TRUE,FALSE,FALSE,FALSE,FALSE,14,00029026,,,"001082-0100000092 - SEÇÃO DE SUPORTE E ATENDIMENTO AO USUÁRIO SESAT 100000279-TRE-CE NOVA SEDE TÉRREO - RUA DR. PONTES NETO, 800 BAIRRO LUCIANO CAVALCANTE SESAT ","343,5",
FALSE,FALSE,FALSE,FALSE,FALSE,15,00029294,,MULTIMETRO DIGITAL - MARCA: MΙΝΙΡΑ - MODELO: ET-2042-SERIE: 28760,"0607-30304001 - SEÇÃO DE ATENDIMENTO E APOIO AO USUÁRIO - SECAT-01010200 TRE CE-SEDE - CENTRO, 1º ANDAR SECAT ","84,97",
FALSE,FALSE,FALSE,FALSE,FALSE,16,00029297,,MULTIMETRO DIGITAL-MARCA: MINIPA - MODELO: ET-2042-SERIE: 28876,"0607-30304001 - SEÇÃO DE ATENDIMENTO E APOIO AO USUÁRIO - SECAT-01010200- TRE_CE-SEDE - CENTRO, 1º ANDAR - SECAT ","84,97",
FALSE,FALSE,FALSE,FALSE,FALSE,17,00029299,,MULTIMETRO DIGITAL - MARCA: MΙΝΙΡΑ - MODELO: ET-2042-SERIE: 28878,"0607-30304001 - SEÇÃO DE ATENDIMENTO E APOIO AO USUÁRIO - SECAT-01010200- TRE CE-SEDE - CENTRO, 1º ANDAR SECAT ","84,97",
FALSE,FALSE,FALSE,FALSE,FALSE,18,00029303,,MULTIMETRO DIGITAL-MARCA: MINIPA - MODELO: ET-2042-SERIE: 28879,"0607-30304001 - SEÇÃO DE ATENDIMENTO E APOIO AO USUÁRIO - SECAT-01010200- TRE CE-SEDE - CENTRO, 1º ANDAR SECAT ","84,97",
TRUE,FALSE,FALSE,FALSE,FALSE,19,00029560,,MONITOR DE VIDEO LCD - MARCA: LENOVO SERIE: VF52045,"000960 30304001 SEÇÃO DE ATENDIMENTO E ΑΡΟΙΟ AO USUÁRIO SECAT-100000279-TRE-CE-NOVA SEDE - TERREO - RUA DR. PONTES NETO, 800 - BAIRRO LUCIANO CAVALCANTE SECAT ",324,
TRUE,FALSE,FALSE,FALSE,FALSE,20,00029602,,MONITOR DE VIDEO LCD - MARCA: LENOVO - SERIE: VF56329,"000960 30304001 SEÇÃO DE ATENDIMENTO E ΑΡΟΙΟ ΑΟ USUÁRIO SECAT-100000279-TRE-CE-NOVA SEDE - TERREO - RUA DR. PONTES NETO, 800- BAIRRO LUCIANO CAVALCANTE SECAT ",324,
TRUE,FALSE,FALSE,FALSE,FALSE,21,00029612,,MONITOR DE VIDEO LCD - MARCA: LENOVO SERIE: VF51575,"001082-0100000092 - SEÇÃO DE SUPORTE E ATENDIMENTO AO USUÁRIO SESAT 100000279-TRE-CENOVA SEDE TERREO-RUA DR. PONTES NETO, 800 BAIRRO LUCIANO CAVALCANTE SESAT ",324.00,
FALSE,FALSE,FALSE,FALSE,FALSE,22,00029623,,MONITOR DE VIDEO LCD - MARCA: LENOVO SERIE: VF51561,"000960 30304001 SEÇÃO DE ATENDIMENTO E ΑΡΟΙΟ AO USUÁRIO SECAT-100000279-TRE-CE-NOVA SEDE - TÉRREO - RUA DR. PONTES NETO, 800- BAIRRO LUCIANO CAVALCANTE SECAT ",324,
TRUE,FALSE,FALSE,FALSE,FALSE,23,00029633,,MONITOR DE VIDEO LCD - MARCA: LENOVO SERIE: VF51576,"001082-0100000092 - SEÇÃO DE SUPORTE E ATENDIMENTO AO USUÁRIO - SESAT 100000279-TRE-CE NOVA SEDE TÉRREO - RUA DR. PONTES NETO, 800 BAIRRO LUCIANO CAVALCANTE SESAT ",324,
TRUE,FALSE,FALSE,FALSE,FALSE,24,00029664,,MONITOR DE VIDEO LCD - MARCA: LENOVO - SERIE: VF52022,"001082-0100000092 - SEÇÃO DE SUPORTE E ATENDIMENTO AO USUÁRIO SESAT 100000279-TRE-CENOVA SEDE TERREO - RUA DR. PONTES NETO, 800 BAIRRO LUCIANO CAVALCANTE SESAT ",324,
TRUE,FALSE,FALSE,FALSE,FALSE,25,00029741,,MONITOR DE VIDEO LCD - MARCA: LENOVO SERIE: VF52625,"000960 30304001 SEÇÃO DE ATENDIMENTO E ΑΡΟΙΟ ΑΟ USUÁRIO SECAT-100000279-TRE-CE-NOVA SEDE - TERREO - RUA DR. PONTES NETO, 800- BAIRRO LUCIANO CAVALCANTE SECAT ",324,
TRUE,FALSE,FALSE,FALSE,FALSE,26,00029758,,MONITOR DE VIDEO LCD - MARCA: LENOVO SERIE: VF52607,"000960 30304001 SEÇÃO DE ATENDIMENTO E ΑΡΟΙΟ AO USUÁRIO SECAT-100000279-TRE-CE-NOVA SEDE - TERREO - RUA DR. PONTES NETO, 800 - BAIRRO LUCIANO CAVALCANTE SECAT ",324,
TRUE,FALSE,FALSE,FALSE,FALSE,27,00029787,,MONITOR DE VIDEO LCD - MARCA: LENOVO - SERIE: VF50857,"001082-0100000092 - SEÇÃO DE SUPORTE E ATENDIMENTO AO USUÁRIO - SESAT 100000279-TRE-CE NOVA SEDE TERREO - RUA DR. PONTES NETO, 800 BAIRRO LUCIANO CAVALCANTE SESAT ",324,
FALSE,FALSE,FALSE,FALSE,FALSE,28,00030358,,MULTIMETRO DIGITAL - MARCA: MΙΝΙΡΑ - MODELO: ET-2042-SERIE: ET204C029656,"0607-30304001 - SEÇÃO DE ATENDIMENTO E APOIO AO USUÁRIO - SECAT-01010200- TRE CE-SEDE - CENTRO, 1º ANDAR SECAT ","84,97",
FALSE,FALSE,FALSE,FALSE,FALSE,29,00030361,,MULTIMETRO DIGITAL-MARCA: MINIΙΡΑ - MODELO: ET-2042-SERIE: ET204C029642,"0607-30304001 - SEÇÃO DE ATENDIMENTO E APOIO AO USUÁRIO - SECAT-01010200- TRE_CE-SEDE - CENTRO, 1º ANDAR SECAT ","84,97",
TRUE,FALSE,FALSE,FALSE,FALSE,30,00030381,,POLTRONA GIRATORIA ESPALDAR MEDIO EM TECIDO - DESCRICAO: COM BRAÇO TIPO DIGITADOR,"001082-0100000092 - SEÇÃO DE SUPORTE E ATENDIMENTO AO USUÁRIO SESAT 100000279-TRE-CENOVA SEDE TÉRREO - RUA DR. PONTES NETO, 800 BAIRRO LUCIANO CAVALCANTE - SESAT ",220,
FALSE,FALSE,FALSE,FALSE,FALSE,31,00031475,,MONITOR DE VIDEO LCD - DESCRICAO: 17 POLEGADAS-MARCA: SAMSUNG-SERIE: MY17HQAQC01280,"001082-0100000092 - SEÇÃO DE SUPORTE E ATENDIMENTO AO USUÁRIO - SESAT 100000279-TRE-CE NOVA SEDE TERREO - RUA DR. PONTES NETO, 800 BAIRRO LUCIANO CAVALCANTE - SESAT ","533,6",
,FALSE,FALSE,FALSE,FALSE,32,00031479,,MONITOR DE VIDEO LCD - DESCRICAO: 17 POLEGADAS - MARCA: SAMSUNG - SERIE: MY17HQCQC00928,"001082-0100000092 - SEÇÃO DE SUPORTE E ATENDIMENTO AO USUÁRIO - SESAT 100000279-TRE-CE NOVA SEDE TERREO - RUA DR. PONTES NETO, 800 BAIRRO LUCIANO CAVALCANTE SESAT ","533,6",
FALSE,FALSE,TRUE,FALSE,FALSE,33,00031502,,MONITOR DE VIDEO LCD - DESCRICAO: 17 POLEGADAS - MARCA: SAMSUNG-SERIE: MY17HQCQC00646,"0607-30304001 - SEÇÃO DE ATENDIMENTO E APOIO AO USUÁRIO - SECAT - 01010200- TRE CE-SEDE - CENTRO, 1º ANDAR SECAT ","533,6",
FALSE,FALSE,TRUE,FALSE,FALSE,34,00033428,,LEITOR BIOMETRICO PARA REGISTRO DE PONTO SERIE: 8341HF0416,"000960 30304001 SEÇÃO DE ATENDIMENTO E ΑΡΟΙΟ AO USUÁRIO SECAT-100000279-TRE-CE-NOVA SEDE - TÉRREO - RUA DR. PONTES NETO, 800- BAIRRO LUCIANO CAVALCANTE SECAT ","244,9",
FALSE,FALSE,FALSE,FALSE,FALSE,35,00033690,,"SWITCH PARA REDES - DESCRICAO: FAST ETHERNET 10/100, 16 PORTAS SERIE: A500097300539 ","001082-0100000092 - SEÇÃO DE SUPORTE E ATENDIMENTO AO USUÁRIO - SESAT 100000279-TRE-CE NOVA SEDE TÉRREO - RUA DR. PONTES NETO, 800 BAIRRO LUCIANO CAVALCANTE SESAT ","139,59",
TRUE,FALSE,FALSE,FALSE,FALSE,36,00035243,,ARMARIO ALTO EM MADEIRA - DESCRICAO: SEMI-ABERTO - MARCA: INFORLINE,"000960 30304001 SEÇÃO DE ATENDIMENTO E ΑΡΟΙΟ AO USUÁRIO SECAT-100000279-TRE-CE-NOVA SEDE - TERREO - RUA DR. PONTES NETO, 800- BAIRRO LUCIANO CAVALCANTE SECAT ","355,99",
TRUE,FALSE,FALSE,FALSE,FALSE,37,00035399,,"MONITOR DE VIDEO LCD - DESCRICAO: 17"""" - MARCA: LENOVO - MODELO: THINKVISION L172 WIDE SERIE: V1MP736 ","000960 30304001 SEÇÃO DE ATENDIMENTO E ΑΡΟΙΟ ΑΟ USUÁRIO SECAT-100000279-TRE-CE-NOVA SEDE - TERREO - RUA DR. PONTES NETO, 800- BAIRRO LUCIANO CAVALCANTE SECAT ",324,
TRUE,FALSE,FALSE,FALSE,FALSE,38,00037220,,NO BREAK MARCA: MICROSOL MODELO: PS 800-SERIE: 5600970024,"001082-0100000092 - SEÇÃO DE SUPORTE E ATENDIMENTO AO USUÁRIO SESAT 100000279-TRE-CENOVA SEDE TÉRREO - RUA DR. PONTES NETO, 800 BAIRRO LUCIANO CAVALCANTE - SESAT ","208,3",
TRUE,FALSE,FALSE,FALSE,FALSE,39,00037784,,APARELHO TELEFONICO IP COM LCD MARCA: YEALINK,"001082-0100000092 - SEÇÃO DE SUPORTE E ATENDIMENTO AO USUÁRIO SESAT 100000279-TRE-CE NOVA SEDE TERREO - RUA DR. PONTES NETO, 800 BAIRRO LUCIANO CAVALCANTE SESAT ",306,
TRUE,FALSE,FALSE,FALSE,FALSE,40,00038147,,"MONITOR DE VIDEO LCD - DESCRICAO: 19"""" - MARCA: HP - MODELO: L190HB SERIE: BRG1080MYY ","001082-0100000092 - SEÇÃO DE SUPORTE E ATENDIMENTO AO USUÁRIO SESAT 100000279-TRE-CENOVA SEDE TÉRREO - RUA DR. PONTES NETO, 800 BAIRRO LUCIANO CAVALCANTE - SESAT ","299,97",
TRUE,FALSE,FALSE,FALSE,FALSE,41,00038213,,"MONITOR DE VIDEO LCD - DESCRICAO: 19"""" - MARCA: HP-MODELO: L190HB SERIE: BRG10901W4 ","001082-0100000092 - SEÇÃO DE SUPORTE E ATENDIMENTO AO USUÁRIO - SESAT 100000279-TRE-CE NOVA SEDE TERREO - RUA DR. PONTES NETO, 800 BAIRRO LUCIANO CAVALCANTE SESAT ","299,97",
TRUE,FALSE,FALSE,FALSE,FALSE,42,00038229,,"MONITOR DE VIDEO LCD - DESCRICAO: 19"""" - MARCA: HP - MODELO: L190HB - SERIE: BRG1080MYW ","001082-0100000092 - SEÇÃO DE SUPORTE E ATENDIMENTO AO USUÁRIO SESAT 100000279-TRE-CE NOVA SEDE TERREO - RUA DR. PONTES NETO, 800 BAIRRO LUCIANO CAVALCANTE SESAT ","299,97",
TRUE,FALSE,FALSE,FALSE,FALSE,43,00038230,,"MONITOR DE VIDEO LCD - DESCRICAO: 19"""" MARCA: HP-MODELO: L190HB SERIE: BRG109000ON ","001082-0100000092- SEÇÃO DE SUPORTE E ATENDIMENTO AO USUÁRIO SESAT 100000279-TRE-CE NOVA SEDE TÉRREO - RUA DR. PONTES NETO, 800 BAIRRO LUCIANO CAVALCANTE SESAT ",299.97,
TRUE,FALSE,FALSE,FALSE,FALSE,44,00038257,,"MONITOR DE VIDEO LCD - DESCRICAO: 19"""" - MARCA: HP-MODELO: L190HB SERIE: BRG1090Q1G ","001082-0100000092 - SEÇÃO DE SUPORTE E ATENDIMENTO AO USUÁRIO SESAT 100000279-TRE-CE NOVA SEDE TÉRREO - RUA DR. PONTES NETO, 800 BAIRRO LUCIANO CAVALCANTE SESAT ",299.97,
TRUE,FALSE,FALSE,FALSE,FALSE,45,00039152,,MONITOR DE VIDEO LCD - MARCA: LENOVO - MODELO: D1960-SERIE: VFQ1676,"0607-30304001 - SEÇÃO DE ATENDIMENTO E APOIO AO USUÁRIO - SECAT-01010200- TRE CE-SEDE - CENTRO, 1º ANDAR SECAT ",460,
FALSE,FALSE,FALSE,FALSE,FALSE,46,00039470,,NO BREAK. DESCRICAO: 700 VA-MARCA: MICROSOL MODELO: STAY 700 USB - SERIE: 5709290195,"001082-0100000092 - SEÇÃO DE SUPORTE E ATENDIMENTO AO USUÁRIO SESAT 100000279-TRE-CE NOVA SEDE TERREO - RUA DR. PONTES NETO, 800 BAIRRO LUCIANO CAVALCANTE SESAT ",175,
FALSE,FALSE,FALSE,FALSE,FALSE,47,00039773,,"MONITOR DE VIDEO LCD - DESCRICAO: 19"""" - MARCA: ITAUTEC MODELO: W1942PE- SERIE: 2024057 ","001082-0100000092 - SEÇÃO DE SUPORTE E ATENDIMENTO AO USUÁRIO SESAT 100000279-TRE-CENOVA SEDE TÉRREO - RUA DR. PONTES NETO, 800 BAIRRO LUCIANO CAVALCANTE - SESAT ","269,99",
TRUE,FALSE,FALSE,FALSE,FALSE,48,00039933,,SWITCH PARA REDES DESCRICAO: NAO GERENCIAVEL 24 PORTAS ETHERNET 10/100 MBPS MARCA: DLINK MODELO: DES-1024D-SERIE: QB3U1B3001192,"001082-0100000092 - SEÇÃO DE SUPORTE E ATENDIMENTO AO USUÁRIO - SESAT 100000279-TRE-CE NOVA SEDE TERREO - RUA DR. PONTES NETO, 800 BAIRRO LUCIANO CAVALCANTE SESAT ","189,99",
FALSE,FALSE,FALSE,FALSE,FALSE,49,00040079,,NO BREAK. DESCRICAO: 700 VA MARCA: MICROSOL - MODELO: STAY 700 SERIE: 5793170249,"001082-0100000092 - SEÇÃO DE SUPORTE E ATENDIMENTO AO USUÁRIO SESAT 100000279-TRE-CENOVA SEDE TÉRREO - RUA DR. PONTES NETO, 800 BAIRRO LUCIANO CAVALCANTE - SESAT ",175,
TRUE,FALSE,FALSE,FALSE,FALSE,50,00040402,,"MONITOR DE VIDEO LCD DESCRICAO: 18.5"""" WIDE MARCA: LENOVO MODELO: D1960-SERIE: VFT8304 ","001082-0100000092 - SEÇÃO DE SUPORTE E ATENDIMENTO AO USUÁRIO - SESAT 100000279-TRE-CE NOVA SEDE TERREO - RUA DR. PONTES NETO, 800 BAIRRO LUCIANO CAVALCANTE SESAT ",400,
TRUE,FALSE,FALSE,FALSE,FALSE,51,00040841,,"MICROCOMPUTADOR DESKTOP DESCRICAO: PROCESSADOR QUADCORE 15 -3,1 GHZ, MEMORIA 4 GB DDR3, HD 500 GB SATA III, DVD-RW SATA II (W-8X E R-16X), ACOMPANHA MOUSE USB. MARCA: LENOVO - MODELO: M91P-M4518-SERIE: L1C390H ","001082-0100000092 - SEÇÃO DE SUPORTE E ATENDIMENTO AO USUÁRIO SESAT 100000279-TRE-CENOVA SEDE TÉRREO - RUA DR. PONTES NETO, 800 BAIRRO LUCIANO CAVALCANTE - SESAT ","1.915,00",
TRUE,FALSE,FALSE,FALSE,FALSE,52,00041361,,POLTRONA GIRATORIA ESPALDAR MEDIO EM TECIDO DESCRICAO: MICROPERFURADO COR PRETA COM BRACOS REGULAVEIS - MARCA: FLEXFORM,"001082-0100000092 - SEÇÃO DE SUPORTE E ATENDIMENTO AO USUÁRIO SESAT - 100000279-TRE-CE NOVA SEDE TÉRREO - RUA DR. PONTES NETO, 800 BAIRRO LUCIANO CAVALCANTE - SESAT ",593,
TRUE,FALSE,FALSE,FALSE,FALSE,53,00041377,,CADEIRA GIRATORIA EM TECIDO DESCRICAO: MICROPERFURADO COR PRETA COM BRACOS REGULAVEIS MARCA: FLEXFORM,"001082-0100000092 - SEÇÃO DE SUPORTE E ATENDIMENTO AO USUÁRIO SESAT 100000279-TRE-CE NOVA SEDE TÉRREO - RUA DR. PONTES NETO, 800 BAIRRO LUCIANO CAVALCANTE SESAT ",549.00,
TRUE,FALSE,FALSE,FALSE,FALSE,54,00041832,,ESTABILIZADOR DE VOLTAGEM DESCRICAO: 1 KVA-MARCA: RAGTECH - MODELO: SIDE LASER 1000VA SERIE: 537312140501,"001082-0100000092 - SEÇÃO DE SUPORTE E ATENDIMENTO AO USUÁRIO - SESAT 100000279-TRE-CE NOVA SEDE TÉRREO - RUA DR. PONTES NETO, 800 BAIRRO LUCIANO CAVALCANTE SESAT ",150,
FALSE,FALSE,FALSE,FALSE,FALSE,55,00042442,,CADEIRA GIRATORIA EM TECIDO DESCRICAO: MICROPERFURADO COR PRETA SEM BRAÇOS - MARCA: FLEXFORM,"000960 30304001 SEÇÃO DE ATENDIMENTO E ΑΡΟΙΟ AO USUÁRIO SECAT-100000279-TRE-CE-NOVA SEDE - TÉRREO - RUA DR. PONTES NETO, 800- BAIRRO LUCIANO CAVALCANTE SECAT ",458.00,
TRUE,FALSE,FALSE,FALSE,FALSE,56,00042902,,APARELHO TELEFONICO IP COM LCD MARCA: YEALINK MODELO: SIP-T22P SERIE: 4102312090400683,"001082-0100000092 - SEÇÃO DE SUPORTE E ATENDIMENTO AO USUÁRIO - SESAT 100000279-TRE-CE NOVA SEDE TÉRREO - RUA DR. PONTES NETO, 800 BAIRRO LUCIANO CAVALCANTE SESAT ",216,
TRUE,FALSE,FALSE,FALSE,FALSE,57,00042933,,APARELHO TELEFONICO IP COM LCD MARCA: YEALINK MODELO: SIP-T22P SERIE: 4102312090401151,"001082-0100000092 - SEÇÃO DE SUPORTE E ATENDIMENTO AO USUÁRIO SESAT 100000279-TRE-CENOVA SEDE TÉRREO - RUA DR. PONTES NETO, 800 BAIRRO LUCIANO CAVALCANTE - SESAT ",216,
TRUE,FALSE,FALSE,FALSE,FALSE,58,00043010,,"MICROCOMPUTADOR PORTATIL (NOTEBOOK) DESCRICAO: PROCESSADOR INTEL CORE I5 3210м, MEMORIA 4GB, HD 500GB, TELA 14"""" LED, (32549CP). ACOMPANHA MALETA, MOUSE USB, MOUSE PAD, TRAVA COM SEGREDO. - MARCA: LENOVO MODELO: THINKPAD E430-SERIE: R7007ED ","001082-0100000092 - SEÇÃO DE SUPORTE E ATENDIMENTO AO USUÁRIO SESAT 100000279-TRE-CE NOVA SEDE TERREO - RUA DR. PONTES NETO, 800 BAIRRO LUCIANO CAVALCANTE SESAT ","2.583,00",
FALSE,FALSE,FALSE,TRUE,FALSE,59,00043813,,"MICROCOMPUTADOR PORTATIL (NOTEBOOK) DESCRICAO: PROCESSADOR INTEL CORE 15 3210M, MEMORIA 4GB, HD 500GB, TELA 14"""" LED, (32549CP). MARCA: LENOVO MODELO: THINKPAD E430-SERIE: R7-015H1 ","001082-0100000092 - SEÇÃO DE SUPORTE E ATENDIMENTO AO USUÁRIO SESAT 100000279-TRE-CENOVA SEDE TÉRREO - RUA DR. PONTES NETO, 800 BAIRRO LUCIANO CAVALCANTE - SESAT ","2.583,00",
FALSE,FALSE,FALSE,TRUE,FALSE,60,00043854,,"MICROCOMPUTADOR PORTATIL (NOTEBOOK) DESCRICAO: PROCESSADOR INTEL CORE I5 3210м, MEMORIA 4GB, HD 500GB, TELA 14"""" LED, (32549CP). MARCA: LENOVO MODELO: THINKPAD E430-SERIE: R7-015ED ","001082-0100000092 - SEÇÃO DE SUPORTE E ATENDIMENTO AO USUÁRIO SESAT 100000279-TRE-CE NOVA SEDE TERREO - RUA DR. PONTES NETO, 800 BAIRRO LUCIANO CAVALCANTE SESAT ","2.583,00",
TRUE,FALSE,FALSE,FALSE,FALSE,61,00043865,,"MICROCOMPUTADOR PORTATIL (NOTEBOOK) DESCRICAO: PROCESSADOR INTEL CORE 15 3210M, MEMORIA 4GB, HD 500GB, TELA 14"""" LED. (32549CP). MARCA: LENOVO MODELO: THINKPAD E430-SERIE: R7-015PW ","001082-0100000092 - SEÇÃO DE SUPORTE E ATENDIMENTO AO USUÁRIO SESAT 100000279-TRE-CENOVA SEDE TÉRREO - RUA DR. PONTES NETO, 800 BAIRRO LUCIANO CAVALCANTE - SESAT ","2.583,00",
FALSE,FALSE,FALSE,FALSE,FALSE,62,00043910,,"MICROCOMPUTADOR PORTATIL (NOTEBOOK) DESCRICAO: PROCESSADOR INTEL CORE I5 3210M, MEMORIA 4GB, HD 500GB, TELA 14"""" LED, (32549CP). MARCA: LENOVO MODELO: THINKPAD E430-SERIE: R7-01PLD ","000960 30304001 SEÇÃO DE ATENDIMENTO E ΑΡΟΙΟ AO USUÁRIO SECAT-100000279-TRE-CE-NOVA SEDE - TERREO - RUA DR. PONTES NETO, 800 - BAIRRO LUCIANO CAVALCANTE SECAT ","2.583,00",
FALSE,FALSE,FALSE,FALSE,FALSE,63,00044392,,"POLTRONA GIRATORIA EM TECIDO DESCRICAO: COR PRETA, TIPO DIRETOR, ESPALDAR MÉDIO ","000960 30304001 SEÇÃO DE ATENDIMENTO E ΑΡΟΙΟ ΑΟ USUÁRIO SECAT-100000279-TRE-CE-NOVA SEDE - TERREO - RUA DR. PONTES NETO, 800- BAIRRO LUCIANO CAVALCANTE SECAT ",570,
TRUE,FALSE,FALSE,FALSE,FALSE,64,00044450,,"POLTRONA GIRATORIA EM TECIDO DESCRICAO: COR PRETA, TIPO DIRETOR, ESPALDAR MÉDIO ","001082-0100000092 - SEÇÃO DE SUPORTE E ATENDIMENTO AO USUÁRIO SESAT 100000279-TRE-CENOVA SEDE TERREO - RUA DR. PONTES NETO, 800 BAIRRO LUCIANO CAVALCANTE SESAT ",570,
TRUE,FALSE,FALSE,FALSE,FALSE,65,00045221,,"POLTRONA GIRATORIA EM TECIDO DESCRICAO: POLTRONA GIRATORIA EM TECIDO-DESCRICAO: COR PRETA, ΤΙΡΟ PRESIDENTE, ESPALDAR ALTO, COM BRAÇOS, COM CERTIFICADO DE CONFORMIDADE COM A NORMA NR-17 DA ABNT ","001082-0100000092 - SEÇÃO DE SUPORTE E ATENDimento AO USUÁRIO SESAT 100000279-TRE-CE NOVA SEDE TÉRREO - RUA DR. PONTES NETO, 800 BAIRRO LUCIANO CAVALCANTE SESAT ",620.00,
TRUE,FALSE,FALSE,FALSE,FALSE,66,00045737,,"APARELHO TELEFONICO IP COM LCD DESCRICAO: TELEFONE IP 240 V 2 PORTAS, CONFIGURAÇÃO VIA TECLADO MARCA: YEALINK MODELO: SIP-T22P SERIE: 1102313120406772 ","001082-0100000092 - SEÇÃO DE SUPORTE E ATENDIMENTO AO USUÁRIO SESAT 100000279-TRE-CENOVA SEDE TÉRREO - RUA DR. PONTES NETO, 800 BAIRRO LUCIANO CAVALCANTE - SESAT ",325,
TRUE,FALSE,FALSE,FALSE,FALSE,67,00045782,,"APARELHO TELEFONICO IP COM LCD DESCRICAO: TELEFONE IP 240 V, 2 PORTAS, CONFIGURAÇÃO VIA TECLADO - MARCA: YEALINK MODELO: SIP-T22P SERIE: 1102313120406743 ","001082-0100000092 - SEÇÃO DE SUPORTE E ATENDIMENTO AO USUÁRIO - SESAT 100000279-TRE-CE NOVA SEDE TERREO - RUA DR. PONTES NETO, 800 BAIRRO LUCIANO CAVALCANTE SESAT ",325,
TRUE,FALSE,FALSE,FALSE,FALSE,68,00046256,,ROTEADOR PARA REDES DESCRICAO: SEM FIO - MARCA: TP-LINK-MODELO: TL MR3020-SERIE: 13BC6204553,"001082-0100000092 - SEÇÃO DE SUPORTE E ATENDIMENTO AO USUÁRIO SESAT 100000279-TRE-CENOVA SEDE TÉRREO - RUA DR. PONTES NETO, 800 BAIRRO LUCIANO CAVALCANTE - SESAT ","99,47",
TRUE,FALSE,FALSE,FALSE,FALSE,69,00046950,,"DOCK STATION PARA 3 HD'S - DESCRICAO: SUPORTE A DISCOS DE 2.5"""" E 3.5"""" SATA I, II E III;; INTERFACE COM DUAS PORTAS USB 2.0 E 6 LEITORES DE CARTÃO SD/MS/M2/XD/CF/TF; COMPATIBILIDADE COM HOT-SWAP E PLUG AND PLAY. MARCA: EMPIRE-MODELO: 893U2 ","001082-0100000092 - SEÇÃO DE SUPORTE E ATENDIMENTO AO USUÁRIO SESAT 100000279-TRE-CE NOVA SEDE TERREO - RUA DR. PONTES NETO, 800 BAIRRO LUCIANO CAVALCANTE SESAT ","150,05",
TRUE,FALSE,FALSE,FALSE,FALSE,70,00046954,,"DOCK STATION PARA 3 HD'S DESCRICAO: SUPORTE A DISCOS DE 2.5"""" E 3.5"""" SATA I, II E III;; INTERFACE COM DUAS PORTAS USB 2.0 E 6 LEITORES DE CARTÃO SD/MS/M2/XD/CF/TF: COMPATIBILIDADE COM HOT-SWAP E PLUG AND PLAY. MARCA: EMPIRE-MODELO: 893U2 ","001082-0100000092 - SEÇÃO DE SUPORTE E ATENDIMENTO AO USUÁRIO SESAT 100000279-TRE-CENOVA SEDE TÉRREO - RUA DR. PONTES NETO, 800 BAIRRO LUCIANO CAVALCANTE SESAT ","150,05",
FALSE,FALSE,FALSE,FALSE,FALSE,71,00046956,,"DOCK STATION PARA 3 HD'S - DESCRICAO: SUPORTE A DISCOS DE 2.5"""" E 3.5 SATA I, II E III;; INTERFACE COM DUAS PORTAS USB 2.0 E 6 LEITORES DE CARTÃO SD/MS/M2/XD/CF/TF; COMPATIBILIDADE COM HOT-SWAP E PLUG AND PLAY, MARCA: EMPIRE - MODELO: 893U2 ","001082-0100000092 - SEÇÃO DE SUPORTE E ATENDIMENTO AO USUÁRIO SESAT 100000279-TRE-CE NOVA SEDE TÉRREO-RUA DR. PONTES NETO, 800 BAIRRO LUCIANO CAVALCANTE SESAT ",150.05,
FALSE,FALSE,FALSE,FALSE,FALSE,72,00046957,,"DOCK STATION PARA 3 HD'S - DESCRICAO: SUPORTE A DISCOS DE 2.5"""" E 3.5"""" SATA I, II E III;; INTERFACE COM DUAS PORTAS USB 2.0 E 6 LEITORES DE CARTÃO SD/MS/M2/XD/CF/TF; COMPATIBILIDADE COM HOT-SWAP E PLUG AND PLAY. MARCA: EMPIRE-MODELO: 893U2 ","001082-0100000092 - SEÇÃO DE SUPORTE E ATENDIMENTO AO USUÁRIO SESAT 100000279-TRE-CE NOVA SEDE TÉRREO - RUA DR. PONTES NETO, 800 BAIRRO LUCIANO CAVALCANTE SESAT ","150,05",
FALSE,FALSE,FALSE,FALSE,FALSE,73,00046959,,"DOCK STATION PARA 3 HD'S DESCRICAO: SUPORTE A DISCOS DE 2.5"""" E 3.5 SATA I, II E III;; INTERFACE COM DUAS PORTAS USB 2.0 E 6 LEITORES DE CARTÃO SD/MS/M2/XD/CF/TF; COMPATIBILIDADE COM HOT-SWAP E PLUG AND PLAY. MARCA: EMPIRE - MODELO: 893U2 ","001082-0100000092 - SEÇÃO DE SUPORTE E ATENDIMENTO AO USUÁRIO SESAT 100000279-TRE-CENOVA SEDE TÉRREO-RUA DR. PONTES NETO, 800 BAIRRO LUCIANO CAVALCANTE SESAT ","150,05",
FALSE,FALSE,FALSE,FALSE,FALSE,74,00046960,,"DOCK STATION PARA 3 HD'S - DESCRICAO: SUPORTE A DISCOS DE 2.5"""" E 3.5"""" SATA I, II E III;; INTERFACE COM DUAS PORTAS USB 2.0 E 6 LEITORES DE CARTÃO SD/MS/M2/XD/CF/TF; COMPATIBILIDADE COM HOT-SWAP E PLUG AND PLAY. MARCA: EMPIRE-MODELO: 893U2 ","001082-0100000092 - SEÇÃO DE SUPORTE E ATENDIMENTO AO USUÁRIO SESAT 100000279-TRE-CE NOVA SEDE TERREO - RUA DR. PONTES NETO, 800 BAIRRO LUCIANO CAVALCANTE SESAT ","150,05",
TRUE,FALSE,FALSE,FALSE,FALSE,75,00046962,,"DOCK STATION PARA 3 HD'S DESCRICAO: SUPORTE A DISCOS DE 2.5"""" E 3.5"""" SATA I, II E III;; INTERFACE COM DUAS PORTAS USB 2.0 E 6 LEITORES DE CARTÃO SD/MS/M2/XD/CF/TF; COMPATIBILIDADE COM HOT-SWAP E PLUG AND PLAY MARCA: EMPIRE MODELO: 893U2 ","001082-0100000092 - SEÇÃO DE SUPORTE E ATENDIMENTO AO USUÁRIO SESAT 100000279-TRE-CENOVA SEDE TÉRREO - RUA DR. PONTES NETO, 800 BAIRRO LUCIANO CAVALCANTE - SESAT ","150,05",
TRUE,FALSE,FALSE,FALSE,FALSE,76,00046963,,"DOCK STATION PARA 3 HD'S - DESCRICAO: SUPORTE A DISCOS DE 2.5"""" E 3.5"""" SATA I, II E III;; INTERFACE COM DUAS PORTAS USB 2.0 E 6 LEITORES DE CARTÃO SD/MS/M2/XD/CF/TF; COMPATIBILIDADE COM HOT-SWAP E PLUG AND PLAY. MARCA: EMPIRE-MODELO: 893U2 ","001082-0100000092 - SEÇÃO DE SUPORTE E ATENDIMENTO AO USUÁRIO SESAT 100000279-TRE-CE NOVA SEDE TERREO - RUA DR. PONTES NETO, 800 BAIRRO LUCIANO CAVALCANTE SESAT ","150,05",
FALSE,FALSE,FALSE,FALSE,FALSE,77,00046964,,"DOCK STATION PARA 3 HD'S DESCRICAO: SUPORTE A DISCOS DE 2.5"""" E 3.5"""" SATA I, II E III;; INTERFACE COM DUAS PORTAS USB 2.0 E 6 LEITORES DE CARTÃO SD/MS/M2/XD/CF/TF; COMPATIBILIDADE COM HOT-SWAP E PLUG AND PLAY MARCA: EMPIRE MODELO: 893U2 ","0607-30304001 - SEÇÃO DE ATENDIMENTO E APOIO AO USUÁRIO - SECAT-01010200- TRE CE-SEDE - CENTRO, 1º ANDAR SECAT ","150,05",
TRUE,FALSE,FALSE,FALSE,FALSE,78,00047448,,"MICROCOMPUTADOR PORTATIL (NOTEBOOK). - DESCRICAO: TELA: 14,1 PROCESSADOR: INTEL CORE 15 MEMÓRIA: 4GB DDR3, HD: 500GB. ACESSÓRIOS: BATERIA CARREGADOR, MOUSE E MALETA - MARCA: POSITIVO MODELO: MASTER N2501-SERIE: 1AD93NG4U ","001082-0100000092 - SEÇÃO DE SUPORTE E ATENDIMENTO AO USUÁRIO - SESAT 100000279TRE-CE NOVA SEDE - TÉRREO - RUA DR. PONTES NETO, 800 BAIRRO LUCIANO CAVALCANTE - SESAT ","1.874,00",
TRUE,FALSE,FALSE,FALSE,FALSE,79,00047468,,"MICROCOMPUTADOR PORTATIL (NOTEBOOK). - DESCRICAO: TELA: 14,1"""", PROCESSADOR: INTEL CORE 15: MEMÓRIA: 4GB DDR3, HD: 500GB. ACESSÓRIOS: BATERIA; CARREGADOR, MOUSE E MALETA - MARCA: POSITIVO MODELO: MASTER N250i ","001082-0100000092 - SEÇÃO DE SUPORTE E ATENDIMENTO AO USUÁRIO SESAT 100000279-TRE-CE NOVA SEDE TÉRREO - RUA DR. PONTES NETO, 800 BAIRRO LUCIANO CAVALCANTE SESAT ","1.874,00",
TRUE,FALSE,FALSE,FALSE,FALSE,80,00047492,,"MICROCOMPUTADOR PORTATIL (NOTEBOOK). - DESCRICAO: TELA: 14,1 PROCESSADOR: INTEL CORE 15; MEMÓRIA: 4GB DDR3, HD: 500GB. ACESSÓRIOS: BATERIA CARREGADOR, MOUSE E MALETA - MARCA: POSITIVO MODELO: MASTER N2501 ","001082-0100000092 - SEÇÃO DE SUPORTE E ATENDIMENTO AO USUÁRIO - SESAT 100000279-TRE-CE NOVA SEDE TÉRREO - RUA DR. PONTES NETO, 800 BAIRRO LUCIANO CAVALCANTE SESAT ","1.874,00",
FALSE,FALSE,FALSE,FALSE,FALSE,81,00047538,,"MICROCOMPUTADOR PORTATIL (NOTEBOOK) - DESCRICAO: TELA: 14,1, PROCESSADOR: INTEL CORE 15; MEMÓRIA: 4GB DDR3, HD: 500GB. ACESSÓRIOS: BATERIA; CARREGADOR, MOUSE E MALETA - MARCA: POSITIVO MODELO: MASTER N250i ","0607-30304001 - SEÇÃO DE ATENDIMENTO E APOIO AO USUÁRIO - SECAT-01010200- TRE CE-SEDE - CENTRO, 1º ANDAR SECAT ","1.874,00",
TRUE,FALSE,FALSE,FALSE,FALSE,82,00047785,,"MICROCOMPUTADOR DESKTOP DESCRICAO: PROCESSADOR: INTEL CORE 15; MEMÓRIA RAM: 8GB (2 X 4GB); HD: 1TB. ACESSÓRIOS UNIDADE LEITORA E GRAVADORA DE CD/DVD, TECLADO USB E MOUSE OPTICO USB MARCA: HP - MODELO: ELITEDESK 800 ","001082-0100000092 - SEÇÃO DE SUPORTE E ATENDIMENTO AO USUÁRIO SESAT 100000279-TRE-CE NOVA SEDE TERREO - RUA DR. PONTES NETO, 800 BAIRRO LUCIANO CAVALCANTE SESAT ","2.467,79",
FALSE,FALSE,FALSE,FALSE,FALSE,83,00047798,,"MICROCOMPUTADOR DESKTOP DESCRICAO: PROCESSADOR: INTEL CORE 15: MEMÓRIA RAM: 8GB (2 X 4GB); HD: 1TB. ACESSÓRIOS: UNIDADE LEITORA E GRAVADORA DE CD/DVD, TECLADO USB E MOUSE OPTICO USB MARCA: HP - MODELO: ELITEDESK 800 SERIE: BRJ504JYXT ","001082-0100000092 - SEÇÃO DE SUPORTE E ATENDIMENTO AO USUÁRIO SESAT 100000279-TRE-CENOVA SEDE TÉRREO - RUA DR. PONTES NETO, 800 BAIRRO LUCIANO CAVALCANTE - SESAT ",2.467.79,
TRUE,FALSE,FALSE,FALSE,FALSE,84,00047882,,"MICROCOMPUTADOR DESKTOP DESCRICAO: PROCESSADOR: INTEL CORE 15; MEMÓRIA RAM: 8GB (2 X 4GB); HD: 1TB. ACESSÓRIOS UNIDADE LEITORA E GRAVADORA DE CD/DVD, TECLADO USB E MOUSE OPTICO USB MARCA: HP - MODELO: ELITEDESK 800 ","001082-0100000092 - SEÇÃO DE SUPORTE E ATENDIMENTO AO USUÁRIO - SESAT 100000279-TRE-CE NOVA SEDE TERREO - RUA DR. PONTES NETO, 800 BAIRRO LUCIANO CAVALCANTE SESAT ","2.467,79",
FALSE,FALSE,FALSE,FALSE,FALSE,85,00048015,,"MONITOR DE VIDEO LCD - DESCRICAO: 21"""" - MARCA: HP - MODELO: HP ELITEDISPLAY E2211-SERIE: CNC4420G23 ","001082-0100000092 - SEÇÃO DE SUPORTE E ATENDIMENTO AO USUÁRIO SESAT 100000279-TRE-CENOVA SEDE TÉRREO - RUA DR. PONTES NETO, 800 BAIRRO LUCIANO CAVALCANTE - SESAT ","702,21",
FALSE,FALSE,FALSE,FALSE,FALSE,86,00048755,,POLTRONA GIRATORIA EM TECIDO DESCRICAO: ENCOSTO BAIXO: MED. 42 CM (A) X 45 CM (L). ASSENTO: MED. 45 CM (A) X 47 CM (L),"001082-0100000092 - SEÇÃO DE SUPORTE E ATENDIMENTO AO USUÁRIO - SESAT 100000279-TRE-CENOVA SEDE TERREO - RUA DR. PONTES NETO, 800 BAIRRO LUCIANO CAVALCANTE - SESAT ","230,12",
TRUE,FALSE,FALSE,FALSE,FALSE,87,00048793,,"POLTRONA GIRATORIA EM TECIDO DESCRICAO: COM BRAÇOS, ENCOSTO MEDIO: MED, 50 CM (A) X 45 CM (L). ASSENTO: MED. 47 CM (A) X 47 CM (L) ","001082-0100000092 - SEÇÃO DE SUPORTE E ATENDIMENTO AO USUÁRIO SESAT 100000279-TRE-CENOVA SEDE TÉRREO - RUA DR. PONTES NETO, 800 BAIRRO LUCIANO CAVALCANTE SESAT ",398.72,
TRUE,FALSE,FALSE,FALSE,FALSE,88,00048804,,"POLTRONA GIRATORIA EM TECIDO DESCRICAO: COM BRAÇOS. ENCOSTO MEDIO: MED, 50 CM (A) X 45 CM (L). ASSENTO: MED. 47 CM (A) X 47 CM (L) ","001082-0100000092 - SEÇÃO DE SUPORTE E ATENDIMENTO AO USUÁRIO SESAT 100000279-TRE-CE NOVA SEDE TÉRREO - RUA DR. PONTES NETO, 800 BAIRRO LUCIANO CAVALCANTE SESAT ","398,72",
TRUE,FALSE,FALSE,FALSE,FALSE,89,00048806,,"POLTRONA GIRATORIA EM TECIDO DESCRICAO: COM BRAÇOS, ENCOSTO MÉDIO: MED. 50 CM (A) X 45 CM (L). ASSENTO: MED. 47 CM (A) X 47 CM (L) ","001082-0100000092 - SEÇÃO DE SUPORTE E ATENDIMENTO AO USUÁRIO SESAT 100000279-TRE-CENOVA SEDE TÉRREO-RUA DR. PONTES NETO, 800 BAIRRO LUCIANO CAVALCANTE SESAT ","398,72",
FALSE,FALSE,FALSE,FALSE,FALSE,90,00049048,,CADEIRA FIXA EM PLASTICO - DESCRICAO: COR BRANCA,"000960 30304001 SEÇÃO DE ATENDIMENTO E ΑΡΟΙΟ ΑΟ USUÁRIO SECAT-100000279-TRE-CE-NOVA SEDE - TERREO - RUA DR. PONTES NETO, 800- BAIRRO LUCIANO CAVALCANTE SECAT ",29.99,
FALSE,FALSE,FALSE,FALSE,FALSE,91,00049251,,CADEIRA FIXA EM PLASTICO DESCRICAO: COR BRANCA,"001082-0100000092 - SEÇÃO DE SUPORTE E ATENDIMENTO AO USUÁRIO SESAT 100000279-TRE-CENOVA SEDE TÉRREO - RUA DR. PONTES NETO, 800 BAIRRO LUCIANO CAVALCANTE - SESAT ","29,99",
FALSE,FALSE,FALSE,FALSE,FALSE,92,00049301,,CADEIRA FIXA EM PLASTICO DESCRICAO: COR BRANCA,"000960 30304001 SEÇÃO DE ATENDIMENTO E ΑΡΟΙΟ ΑΟ USUÁRIO SECAT-100000279-TRE-CE-NOVA SEDE - TERREO - RUA DR. PONTES NETO, 800- BAIRRO LUCIANO CAVALCANTE SECAT ","29,99",
TRUE,FALSE,FALSE,FALSE,FALSE,93,00049388,,CADEIRA FIXA EM PLASTICO DESCRICAO: COR BRANCA,"001082-0100000092 - SEÇÃO DE SUPORTE E ATENDIMENTO AO USUÁRIO SESAT 100000279-TRE-CENOVA SEDE TÉRREO - RUA DR. PONTES NETO, 800 BAIRRO LUCIANO CAVALCANTE - SESAT ","29,99",
FALSE,FALSE,FALSE,FALSE,FALSE,94,00049638,,CADEIRA FIXA EM PLASTICO DESCRICAO: COR BRANCA,"000960 30304001 SEÇÃO DE ATENDIMENTO E ΑΡΟΙΟ ΑΟ USUÁRIO SECAT-100000279-TRE-CENOVA -SEDE - TERREO - RUA DR. PONTES NETO, 800- BAIRRO LUCIANO CAVALCANTE SECAT ","29,99",
FALSE,FALSE,FALSE,FALSE,FALSE,95,00050271,,SWITCH PARA REDES - DESCRICAO: TIPO I COMUTADOR ETHERNET (24 X GBE + 4 X GBE SFP) MARCA: DATACOM MODELO: DM1200E 24GT+4GX-SERIE: 3342504,"001082-0100000092 - SEÇÃO DE SUPORTE E ATENDIMENTO AO USUÁRIO SESAT 100000279-TRE-CENOVA SEDE TÉRREO - RUA DR. PONTES NETO, 800 BAIRRO LUCIANO CAVALCANTE - SESAT ","1.700,00",
FALSE,FALSE,FALSE,FALSE,FALSE,96,00050357,,SWITCH PARA REDES - DESCRICAO: ΤΙΡΟ Ι - COMUTADOR ETHERNET (24 X GBE + 4X GBE SFP)MARCA: DATACOM-MODELO: DM1200E 24GT+4GX-SERIE: 3342521,"001082-0100000092 - SEÇÃO DE SUPORTE E ATENDIMENTO AO USUÁRIO SESAT 100000279-TRE-CE NOVA SEDE TÉRREO - RUA DR. PONTES NETO, 800 BAIRRO LUCIANO CAVALCANTE - SESAT ","1.700,00",
FALSE,FALSE,FALSE,FALSE,FALSE,97,00050442,,MESA PARA EVENTOS MARCA: MOVENORD - DESCRICAO: MED. 120 CM X 60 CM X 75 CM (LX PXA). PERNAS DOBRÁVEIS. TAMPO EM MDF NA COR OVO.,"000960 30304001 SEÇÃO DE ATENDIMENTO E APOIO AO USUÁRIO SECAT-100000279-TRE-CE-NOVA SEDE - TÉRREO - RUA DR. PONTES NETO, 800- BAIRRO LUCIANO CAVALCANTE SECAT ",295.00.,
FALSE,FALSE,FALSE,FALSE,FALSE,98,00050486,,MESA PARA EVENTOS MARCA: MOVENORD - DESCRICAO: MED. 120 CM X 60 CM X 75 CM (LX PXA). PERNAS DOBRÁVEIS. TAMPO EM MDF NA COR OVO.,"000960 30304001 SEÇÃO DE ATENDIMENTO E ΑΡΟΙΟ ΑΟ USUÁRIO SECAT-100000279-TRE-CE - NOVA SEDE - TERREO - RUA DR. PONTES NETO, 800- BAIRRO LUCIANO CAVALCANTE - SECAT ",295,
FALSE,FALSE,FALSE,FALSE,FALSE,99,00050521,,MESA PARA EVENTOS MARCA: MOVENORD - DESCRICAO: MED. 120 CM X 60 CM X 75 CM (LX PXA). PERNAS DOBRÁVEIS. TAMPO EM MDF NA COR OVO.,"000960 30304001 SEÇÃO DE ATENDIMENTO E ΑΡΟΙΟ AO USUÁRIO SECAT-100000279-TRE-CE-NOVA SEDE - TÉRREO - RUA DR. PONTES NETO, 800- BAIRRO LUCIANO CAVALCANTE SECAT ",295.00,
TRUE,FALSE,FALSE,FALSE,FALSE,100,00050946,,"MICROCOMPUTADOR DESKTOP DESCRICAO: MINI CPU COM PROCESSADOR INTEL CORE 17, 3.6 GHZ, MEMORIA 8GB, DISCO RÍGIDO DE 1 TB. ACESSÓRIOS: TECLADO, MOUSE ÓTICO E FONTE DE ALIMENTAÇÃO. - MARCA: HP MODELO: ELITEDESK ED800 G2 DM SERIE: BRJ612392B ","001082-0100000092 - SEÇÃO DE SUPORTE E ATENDIMENTO AO USUÁRIO - SESAT 100000279-TRE-CE NOVA SEDE TÉRREO - RUA DR. PONTES NETO, 800 BAIRRO LUCIANO CAVALCANTE SESAT ","3.720,00",
TRUE,FALSE,FALSE,FALSE,FALSE,101,00050987,,"MICROCOMPUTADOR DESKTOP DESCRICAO: MINI CPU COM PROCESSADOR INTEL CORE 17, 3.6 GHZ, MEMORIA 8GB, DISCO RÍGIDO DE 1 TB. ACESSÓRIOS: TECLADO, MOUSE ÓTICO E FONTE DE ALIMENTAÇÃO. - MARCA: HP MODELO: ELITEDESK ED800 G2 DM SERIE: BRJ6123950 ","0607-30304001 - SEÇÃO DE ATENDIMENTO E APOIO AO USUÁRIO - SECAT-01010200 TRE CE-SEDE - CENTRO, 1º ANDAR SECAT ","3.720,00",
TRUE,FALSE,FALSE,FALSE,FALSE,102,00051021,,"MICROCOMPUTADOR DESKTOP DESCRICAO: MINI CPU COM PROCESSADOR INTEL CORE 17, 3.6 GHZ, MEMÓRIA 8GB, DISCO RIGIDO DE 1 TB. ACESSÓRIOS: TECLADO, MOUSE ÓTICO E FONTE DE ALIMENTAÇÃO. MARCA: HP MODELO: ELITEDESK ED800 G2 DM SERIE: BRJ61239JD ","001082-0100000092 - SEÇÃO DE SUPORTE E ATENDIMENTO AO USUÁRIO - SESAT 100000279-TRE-CE NOVA SEDE TERREO - RUA DR. PONTES NETO, 800 BAIRRO LUCIANO CAVALCANTE SESAT ","3.720,00",
TRUE,FALSE,FALSE,FALSE,FALSE,103,00051088,,"MONITOR DE VIDEO LCD - DESCRICAO: 23,6 POLEGADAS MARCA: AOC MODELO: M2470PWH-SERIE: E85621A001307 ","001082-0100000092 - SEÇÃO DE SUPORTE E ATENDIMENTO AO USUÁRIO SESAT 100000279-TRE-CENOVA SEDE TÉRREO - RUA DR. PONTES NETO, 800 BAIRRO LUCIANO CAVALCANTE - SESAT ",780,
TRUE,FALSE,FALSE,FALSE,FALSE,104,00051171,,"MONITOR DE VIDEO LCD - DESCRICAO: 23,6 POLEGADAS MARCA: AOC MODELO: M2470PWH-SERIE: E85621A001194 ","001082-0100000092 - SEÇÃO DE SUPORTE E ATENDIMENTO AO USUÁRIO - SESAT 100000279-TRE-CE NOVA SEDE TERREO - RUA DR. PONTES NETO, 800 BAIRRO LUCIANO CAVALCANTE SESAT ",780,
TRUE,FALSE,FALSE,FALSE,FALSE,105,00051172,,"MONITOR DE VIDEO LCD - DESCRICAO: 23,6 POLEGADAS MARCA: AOC MODELO: M2470PWH-SERIE: E85631A000033 ","001082-0100000092 - SEÇÃO DE SUPORTE E ATENDIMENTO AO USUÁRIO SESAT 100000279-TRE-CE NOVA SEDE TERREO - RUA DR. PONTES NETO, 800 BAIRRO LUCIANO CAVALCANTE SESAT ",780,
FALSE,FALSE,FALSE,FALSE,FALSE,106,00051187,,"MONITOR DE VIDEO LCD - DESCRICAO: 23,6 POLEGADAS MARCA AOC MODELO: M2470PWH-SERIE: E85621A001312 ","001082-0100000092- SEÇÃO DE SUPORTE E ATENDIMENTO AO USUÁRIO SESAT 100000279-TRE-CE NOVA SEDE TÉRREO - RUA DR. PONTES NETO, 800 BAIRRO LUCIANO CAVALCANTE SESAT ",780,
TRUE,FALSE,FALSE,FALSE,FALSE,107,00051218,,"MONITOR DE VIDEO LCD - DESCRICAO: 23,6 POLEGADAS MARCA: AOC MODELO: M2470PWH-SERIE: E85621A001289 ","001082-0100000092 - SEÇÃO DE SUPORTE E ATENDIMENTO AO USUÁRIO - SESAT 100000279-TRE-CE NOVA SEDE TÉRREO - RUA DR. PONTES NETO, 800 BAIRRO LUCIANO CAVALCANTE SESAT ",780,
TRUE,FALSE,FALSE,FALSE,FALSE,108,00051221,,"MONITOR DE VIDEO LCD - DESCRICAO: 23,6 POLEGADAS MARCA AOC MODELO: M2470PWH-SERIE: E85621A001413 ","001082-0100000092 - SEÇÃO DE SUPORTE E ATENDIMENTO AO USUÁRIO SESAT 100000279-TRE-CENOVA SEDE TÉRREO-RUA DR. PONTES NETO, 800 BAIRRO LUCIANO CAVALCANTE SESAT ",780,
TRUE,FALSE,FALSE,FALSE,FALSE,109,00051535,,"MESA AUXILIAR EM MADEIRA - DESCRICAO: MED. 60CM (L), 45CM (P) E 74CM (A). COR OVO ","001082-0100000092 - SEÇÃO DE SUPORTE E ATENDIMENTO AO USUÁRIO SESAT 100000279-TRE-CE NOVA SEDE TÉRREO - RUA DR. PONTES NETO, 800 BAIRRO LUCIANO CAVALCANTE SESAT ",152.99,
TRUE,FALSE,FALSE,FALSE,FALSE,110,00051703,,NO BREAK. DESCRICAO: 1.200 VA MARCA: APC - MODELO: BACK UPS 1200VA SERIE: 6230250307,"001082-0100000092 - SEÇÃO DE SUPORTE E ATENDIMENTO AO USUÁRIO SESAT 100000279-TRE-CENOVA SEDE TÉRREO - RUA DR. PONTES NETO, 800 BAIRRO LUCIANO CAVALCANTE - SESAT ",393,
TRUE,FALSE,FALSE,FALSE,FALSE,111,00051768,,NO BREAK. DESCRICAO: 600 VA - MARCA: APC-MODELO: BACK UPS 600VA-SERIE: 6228760147,"001082-0100000092 - SEÇÃO DE SUPORTE E ATENDIMENTO AO USUÁRIO - SESAT 100000279-TRE-CE NOVA SEDE TERREO - RUA DR. PONTES NETO, 800 BAIRRO LUCIANO CAVALCANTE SESAT ",202,
TRUE,FALSE,FALSE,FALSE,FALSE,112,00051778,,NO BREAK DESCRICAO: 600 VA - MARCA: APC-MODELO: BACK UPS 600VA - SERIE: 6228760455,"001082-0100000092 - SEÇÃO DE SUPORTE E ATENDIMENTO AO USUÁRIO SESAT 100000279-TRE-CENOVA SEDE TÉRREO - RUA DR. PONTES NETO, 800 BAIRRO LUCIANO CAVALCANTE - SESAT ",202,
TRUE,FALSE,FALSE,FALSE,FALSE,113,00052380,,POLTRONA GIRATORIA EM TECIDO DESCRICAO: ESPALDAR BAIXO. COR PRETA. MED. 420MM (A) E 450MM(L),"001082-0100000092 - SEÇÃO DE SUPORTE E ATENDIMENTO AO USUÁRIO SESAT 100000279-TRE-CE NOVA SEDE TERREO - RUA DR. PONTES NETO, 800 BAIRRO LUCIANO CAVALCANTE SESAT ",390,
TRUE,FALSE,FALSE,FALSE,FALSE,114,00052449,,POLTRONA GIRATORIA EM TECIDO DESCRICAO: ESPALDAR BAIXO. COR PRETA. MED. 420MM (A) E 450MM(L),"001082-0100000092 - SEÇÃO DE SUPORTE E ATENDIMENTO AO USUÁRIO SESAT 100000279-TRE-CENOVA SEDE TÉRREO - RUA DR. PONTES NETO, 800 BAIRRO LUCIANO CAVALCANTE - SESAT ",390,
FALSE,FALSE,FALSE,FALSE,FALSE,115,00052454,,"POLTRONA GIRATORIA EM TECIDO DESCRICAO: ESPALDAR BAIXO. COR PRETA. MED, 420MM (A) E 450MM(L) ","0607-30304001 - SEÇÃO DE ATENDIMENTO E APOIO AO USUÁRIO - SECAT-01010200- TRE CE-SEDE - CENTRO, 1º ANDAR - SECAT ",390,
TRUE,FALSE,FALSE,FALSE,FALSE,116,00052590,,MESA PARA EVENTOS - DESCRICAO: COR OVO. MED. 60 CM X 120 CM X 74 CM (P XLX A),"000960 30304001 SEÇÃO DE ATENDIMENTO E ΑΡΟΙΟ AO USUÁRIO SECAT-100000279-TRE-CE-NOVA SEDE - TÉRREO - RUA DR. PONTES NETO, 800- BAIRRO LUCIANO CAVALCANTE SECAT ","359,99",
FALSE,FALSE,FALSE,FALSE,FALSE,117,00052623,,MESA PARA EVENTOS - DESCRICAO: COR OVO. MED. 60 CM X 120 CM X 74 CM (PXLX A),"000960 30304001 SEÇÃO DE ATENDIMENTO E ΑΡΟΙΟ AO USUÁRIO SECAT-100000279-TRE-CE - NOVA SEDE - TERREO - RUA DR. PONTES NETO, 800- BAIRRO LUCIANO CAVALCANTE - SECAT ",359.99,
FALSE,FALSE,FALSE,FALSE,FALSE,118,00052624,,MESA PARA EVENTOS - DESCRICAO: COR OVO. MED. 60 CM X 120 CM X 74 CM (P XLX A),"000960 30304001 SEÇÃO DE ATENDIMENTO E ΑΡΟΙΟ AO USUÁRIO SECAT-100000279-TRE-CE-NOVA SEDE - TÉRREO - RUA DR. PONTES NETO, 800- BAIRRO LUCIANO CAVALCANTE SECAT ",359.99,
TRUE,FALSE,FALSE,FALSE,FALSE,119,00053045,,"MONITOR DE VIDEO LED DESCRICAO: 23,6""""MARCA: AOC MODELO: M2470PWH SERIE: E85H9XA006372 ","001082-0100000092 - SEÇÃO DE SUPORTE E ATENDIMENTO AO USUÁRIO - SESAT 100000279-TRE-CE NOVA SEDE TÉRREO - RUA DR. PONTES NETO, 800 BAIRRO LUCIANO CAVALCANTE SESAT ","646,65",
FALSE,FALSE,FALSE,FALSE,FALSE,120,00053382,,DISCO RIGIDO (HD) REMOVIVEL DESCRICAO: 4 TB MARCA: SEAGATE SERIE: NABK5KPH,"0607-30304001 - SEÇÃO DE ATENDIMENTO E APOIO AO USUÁRIO - SECAT-01010200 TRE CE-SEDE - CENTRO, 1º ANDAR SECAT ","584,23",
FALSE,FALSE,FALSE,FALSE,FALSE,121,00053383,,DISCO RIGIDO (HD) REMOVIVEL DESCRICAO: 4 TB MARCA: SEAGATE SERIE: NABJY98T,"0607-30304001 - SEÇÃO DE ATENDIMENTO E APOIO AO USUÁRIO - SECAT-01010200- TRE_CE-SEDE - CENTRO, 1º ANDAR - SECAT ","584,23",
FALSE,FALSE,FALSE,FALSE,FALSE,122,00053384,,DISCO RIGIDO (HD) REMOVIVEL DESCRICAO: 4 TB MARCA: SEAGATE SERIE: NABJXHZV,"0607-30304001 - SEÇÃO DE ATENDIMENTO E APOIO AO USUÁRIO - SECAT-01010200- TRE CE-SEDE - CENTRO, 1º ANDAR SECAT ","584,23",
FALSE,FALSE,FALSE,FALSE,FALSE,123,00053385,,DISCO RIGIDO (HD) REMOVIVEL DESCRICAO: 4 TB MARCA: SEAGATE SERIE: NA8JYB1B,"0607-30304001 - SEÇÃO DE ATENDIMENTO E APOIO AO USUÁRIO - SECAT-01010200- TRE_CE-SEDE - CENTRO, 1º ANDAR SECAT ",584.23,
TRUE,FALSE,FALSE,FALSE,FALSE,124,00053386,,DISCO RIGIDO (HD) REMOVIVEL DESCRICAO: 4 TB MARCA: SEAGATE SERIE: NABK35DH,"0607-30304001 - SEÇÃO DE ATENDIMENTO E APOIO AO USUÁRIO - SECAT-01010200 TRE CE-SEDE - CENTRO, 1º ANDAR SECAT ","584,23",
FALSE,FALSE,FALSE,FALSE,FALSE,125,00053387,,DISCO RIGIDO (HD) REMOVIVEL DESCRICAO: 4 TB MARCA: SEAGATE SERIE: NA8K380J,"0607-30304001 - SEÇÃO DE ATENDIMENTO E APOIO AO USUÁRIO - SECAT-01010200- TRE_CE-SEDE - CENTRO, 1º ANDAR SECAT ",584.23,
TRUE,FALSE,FALSE,FALSE,FALSE,126,00053388,,DISCO RIGIDO (HD) REMOVIVEL DESCRICAO: 4 TB MARCA: SEAGATE SERIE: NA8JXVLL,"0607-30304001 - SEÇÃO DE ATENDIMENTO E APOIO AO USUÁRIO - SECAT-01010200- TRE CE-SEDE - CENTRO, 1º ANDAR SECAT ","584,23",
FALSE,FALSE,FALSE,FALSE,FALSE,127,00053389,,DISCO RIGIDO (HD) REMOVIVEL DESCRICAO: 4 TB MARCA: SEAGATE SERIE: NA8JH85S,"0607-30304001 - SEÇÃO DE ATENDIMENTO E APOIO AO USUÁRIO - SECAT-01010200- TRE CE-SEDE - CENTRO, 1º ANDAR - SECAT ",584.23,
FALSE,FALSE,FALSE,FALSE,FALSE,128,00053390,,DISCO RIGIDO (HD) REMOVIVEL DESCRICAO: 4 TB MARCA: SEAGATE SERIE: NA8JY88A,"001082-0100000092 - SEÇÃO DE SUPORTE E ATENDIMENTO AO USUÁRIO - SESAT 100000279-TRE-CE NOVA SEDE TÉRREO - RUA DR. PONTES NETO, 800 BAIRRO LUCIANO CAVALCANTE SESAT ","584,23",
FALSE,FALSE,FALSE,FALSE,FALSE,129,00053391,,DISCO RIGIDO (HD) REMOVIVEL DESCRICAO: 4 TB MARCA: SEAGATE SERIE: NA8JXVMA,"001082-0100000092 - SEÇÃO DE SUPORTE E ATENDIMENTO AO USUÁRIO SESAT 100000279-TRE-CENOVA SEDE TÉRREO - RUA DR. PONTES NETO, 800 BAIRRO LUCIANO CAVALCANTE SESAT ","584,23",
FALSE,FALSE,FALSE,FALSE,FALSE,130,00053393,,DISCO RIGIDO (HD) REMOVIVEL DESCRICAO: 4 TB MARCA: SEAGATE SERIE: NA8JXFVB,"0607-30304001 - SEÇÃO DE ATENDIMENTO E APOIO AO USUÁRIO - SECAT-01010200- TRE CE-SEDE - CENTRO, 1º ANDAR SECAT ","584,23",
FALSE,FALSE,FALSE,FALSE,FALSE,131,00053394,,DISCO RIGIDO (HD) REMOVIVEL DESCRICAO: 4 TB MARCA: SEAGATE SERIE: NA8K3538,"0607-30304001 - SEÇÃO DE ATENDIMENTO E APOIO AO USUÁRIO - SECAT-01010200- TRE CE-SEDE - CENTRO, 1º ANDAR SECAT ","584,23",
FALSE,FALSE,FALSE,FALSE,FALSE,132,00053395,,DISCO RIGIDO (HD) REMOVIVEL DESCRICAO: 4 TB MARCA: SEAGATE SERIE: NA8JXVB1,"001082-0100000092 - SEÇÃO DE SUPORTE E ATENDIMENTO AO USUÁRIO - SESAT 100000279-TRE-CE NOVA SEDE TERREO - RUA DR. PONTES NETO, 800 BAIRRO LUCIANO CAVALCANTE SESAT ",584.23,
FALSE,FALSE,FALSE,FALSE,FALSE,133,00053396,,DISCO RIGIDO (HD) REMOVIVEL DESCRICAO: 4 TB MARCA: SEAGATE SERIE: NA8J2NV9,"0607-30304001 - SEÇÃO DE ATENDIMENTO E APOIO AO USUÁRIO - SECAT-01010200 - TRE CE-SEDE - CENTRO, 1º ANDAR SECAT ","584,23",
FALSE,FALSE,FALSE,FALSE,FALSE,134,00053397,,DISCO RIGIDO (HD) REMOVIVEL DESCRICAO: 4 TB MARCA: SEAGATE SERIE: NA8JXFWC,"0607-30304001 - SEÇÃO DE ATENDIMENTO E APOIO AO USUÁRIO - SECAT-01010200- TRE_CE-SEDE - CENTRO, 1º ANDAR SECAT ",584.23,
FALSE,FALSE,FALSE,FALSE,FALSE,135,00053398,,DISCO RIGIDO (HD) REMOVIVEL DESCRICAO: 4 TB-MARCA: SEAGATE,"0607-30304001 - SEÇÃO DE ATENDIMENTO E APOIO AO USUÁRIO - SECAT-01010200 TRE CE-SEDE - CENTRO, 1º ANDAR SECAT ","584,23",
FALSE,FALSE,FALSE,FALSE,FALSE,136,00053399,,DISCO RIGIDO (HD) REMOVIVEL DESCRICAO: 4 TB-MARCA: SEAGATE,"0607-30304001 - SEÇÃO DE ATENDIMENTO E APOIO AO USUÁRIO - SECAT-01010200- TRE_CE-SEDE - CENTRO, 1º ANDAR SECAT ",584.23,
FALSE,FALSE,FALSE,FALSE,FALSE,137,00053400,,DISCO RIGIDO (HD) REMOVIVEL DESCRICAO: 4 TB-MARCA: SEAGATE,"0607-30304001 - SEÇÃO DE ATENDIMENTO E APOIO AO USUÁRIO - SECAT-01010200 - TRE CE-SEDE - CENTRO, 1º ANDAR SECAT ","584,23",
FALSE,FALSE,FALSE,FALSE,FALSE,138,00053401,,DISCO RIGIDO (HD) REMOVIVEL DESCRICAO: 4 TB-MARCA: SEAGATE,"0607-30304001 - SEÇÃO DE ATENDIMENTO E APOIO AO USUÁRIO - SECAT-01010200- TRE CE-SEDE - CENTRO, 1º ANDAR SECAT ",584.23,
FALSE,FALSE,FALSE,FALSE,FALSE,139,00053402,,DISCO RIGIDO (HD) REMOVIVEL DESCRICAO: 4 TB-MARCA: SEAGATE,"0607-30304001 - SEÇÃO DE ATENDIMENTO E APOIO AO USUÁRIO - SECAT-01010200- TRE CE-SEDE - CENTRO, 1º ANDAR SECAT ","584,23",
FALSE,FALSE,FALSE,FALSE,FALSE,140,00053403,,DISCO RIGIDO (HD) REMOVIVEL DESCRICAO: 4 TB-MARCA: SEAGATE,"0607-30304001 - SEÇÃO DE ATENDIMENTO E APOIO AO USUÁRIO - SECAT - 01010200 TRE CE-SEDE - CENTRO, 1º ANDAR SECAT ","584,23",
FALSE,FALSE,FALSE,FALSE,FALSE,141,00053404,,DISCO RIGIDO (HD) REMOVIVEL DESCRICAO: 4 TB-MARCA: SEAGATE,"0607-30304001 - SEÇÃO DE ATENDIMENTO E APOIO AO USUÁRIO - SECAT-01010200- TRE CE-SEDE - CENTRO, 1º ANDAR SECAT ","584,23",
FALSE,FALSE,FALSE,FALSE,FALSE,142,00053405,,DISCO RIGIDO (HD) REMOVIVEL DESCRICAO: 4 TB-MARCA: SEAGATE,"0607-30304001 - SEÇÃO DE ATENDIMENTO E APOIO AO USUÁRIO - SECAT-01010200 TRE CE-SEDE - CENTRO, 1º ANDAR SECAT ","584,23",
TRUE,FALSE,FALSE,FALSE,FALSE,143,00053554,,MICROCOMPUTADOR DESKTOP - MARCA: DATEN MODELO: DC1A-S SERIE: 01020290010032,"001082-0100000092 - SEÇÃO DE SUPORTE E ATENDIMENTO AO USUÁRIO SESAT 100000279-TRE-CENOVA SEDE TÉRREO - RUA DR. PONTES NETO, 800 BAIRRO LUCIANO CAVALCANTE SESAT ",1.990.99,
FALSE,FALSE,FALSE,FALSE,FALSE,144,00053586,,MICROCOMPUTADOR DESKTOP - MARCA: DATEN MODELO: DC1A-S SERIE: 01020290010064,"001082-0100000092 - SEÇÃO DE SUPORTE E ATENDIMENTO AO USUÁRIO SESAT 100000279-TRE-CE NOVA SEDE TERREO - RUA DR. PONTES NETO, 800 BAIRRO LUCIANO CAVALCANTE SESAT ","1.990,99",
FALSE,FALSE,FALSE,FALSE,FALSE,145,00053699,,FRAGMENTADORA DE PAPEL - DESCRICAO: COR PRETA. ALIMENTAÇÃO 220 VOLTS. - MARCA: SECURITY - MODELO: 1201 - SERIE: 34943,"000960 30304001 SEÇÃO DE ATENDIMENTO E ΑΡΟΙΟ AO USUÁRIO SECAT-100000279-TRE-CE-NOVA SEDE - TERREO - RUA DR. PONTES NETO, 800 - BAIRRO LUCIANO CAVALCANTE - SECAT ",543,
FALSE,FALSE,FALSE,FALSE,FALSE,146,00053769,,"MESA DE USO DIVERSO EM PLASTICO DESCRICAO: QUADRADA, PERNAS FIXAS, COR BRANCA, EMPILHÁVEL. MED. 72 CM (A) X 70 CM (P) X 70 CM (L) - MARCA: INOVA ","000960 30304001 SEÇÃO DE ATENDIMENTO E ΑΡΟΙΟ ΑΟ USUÁRIO SECAT-100000279-TRE-CE-NOVA SEDE - TERREO - RUA DR. PONTES NETO, 800- BAIRRO LUCIANO CAVALCANTE SECAT ",59.50,
FALSE,FALSE,FALSE,FALSE,FALSE,147,00054160,,"MESA DE USO DIVERSO EM PLASTICO DESCRICAO: QUADRADA, PERNAS FIXAS, COR BRANCA, EMPILHÁVEL. MED. 72 CM (A) X 70 CM (P) X 70 CM (L) - MARCA: INOVA ","000960 30304001 SEÇÃO DE ATENDIMENTO E ΑΡΟΙΟ AO USUÁRIO SECAT-100000279-TRE-CE-NOVA SEDE - TERREO - RUA DR. PONTES NETO, 800 - BAIRRO LUCIANO CAVALCANTE SECAT ","59,5",
TRUE,FALSE,FALSE,FALSE,FALSE,148,00054846,,MICROCOMPUTADOR DESKTOP DESCRICAO: ACESSÓRIOS: MOUSE USB E TECLADO USB MARCA: POSITIVO MODELO: MASTER D610-SERIE: 4A536YT2L,"001082-0100000092 - SEÇÃO DE SUPORTE E ATENDIMENTO AO USUÁRIO - SESAT 100000279-TRE-CE NOVA SEDE TERREO - RUA DR. PONTES NETO, 800 BAIRRO LUCIANO CAVALCANTE SESAT ","2.750,00",
TRUE,FALSE,FALSE,FALSE,FALSE,149,00055038,,MICROCOMPUTADOR PORTATIL (NOTEBOOK). MARCA: DATEN - MODELO: DCM2B-4-SERIE: 01020986010033,"001082-0100000092 - SEÇÃO DE SUPORTE E ATENDIMENTO AO USUÁRIO SESAT 100000279-TRE-CE NOVA SEDE TERREO - RUA DR. PONTES NETO, 800 BAIRRO LUCIANO CAVALCANTE SESAT ","3.479,00",
TRUE,FALSE,FALSE,FALSE,FALSE,150,00055072,,MICROCOMPUTADOR PORTATIL (NOTEBOOK) - MARCA: DATEN - MODELO: DCM2B-4-SERIE: 01020986020007,"001082-0100000092- SEÇÃO DE SUPORTE E ATENDIMENTO AO USUÁRIO SESAT 100000279-TRE-CE NOVA SEDE TÉRREO - RUA DR. PONTES NETO, 800 BAIRRO LUCIANO CAVALCANTE SESAT ","3.479,00",
TRUE,FALSE,FALSE,FALSE,FALSE,151,00056117,,POLTRONA GIRATORIA EM TECIDO DESCRICAO: ESPALDAR BAIXO. COR PRETA. MED. 420MM (A) E 450MM(L),"001082-0100000092 - SEÇÃO DE SUPORTE E ATENDIMENTO AO USUÁRIO - SESAT 100000279-TRE-CE NOVA SEDE TÉRREO - RUA DR. PONTES NETO, 800 BAIRRO LUCIANO CAVALCANTE SESAT ",383,
TRUE,FALSE,FALSE,FALSE,FALSE,152,00056153,,POLTRONA GIRATORIA EM TECIDO - DESCRICAO: ESPALDAR BAIXO. COR PRETA. MED. 420MM (A) E 450MM(L),"000960 30304001 SEÇÃO DE ATENDIMENTO E ΑΡΟΙΟ AO USUÁRIO SECAT-100000279-TRE-CE-NOVA SEDE - TÉRREO - RUA DR. PONTES NETO, 800- BAIRRO LUCIANO CAVALCANTE SECAT ",383,
TRUE,FALSE,FALSE,FALSE,FALSE,153,00056233,,ESTABILIZADOR DE VOLTAGEM DESCRICAO: MONOFÁSICO 2000 VA MARCA: TS SHARA - MODELO: EVS II 2000 FULL-RANGE-SERIE: 150279014,"001082-0100000092 - SEÇÃO DE SUPORTE E ATENDIMENTO AO USUÁRIO - SESAT 100000279-TRE-CE NOVA SEDE TÉRREO - RUA DR. PONTES NETO, 800 BAIRRO LUCIANO CAVALCANTE SESAT ","601,63",
TRUE,FALSE,FALSE,FALSE,FALSE,154,00056235,,ESTABILIZADOR DE VOLTAGEM DESCRICAO: MONOFASICO 2000 VA MARCA: TS SHARA - MODELO: EVS 2000 FULL-RANGE - SERIE: 150279009,"001082-0100000092 - SEÇÃO DE SUPORTE E ATENDIMENTO AO USUÁRIO SESAT 100000279-TRE-CENOVA SEDE TÉRREO - RUA DR. PONTES NETO, 800 BAIRRO LUCIANO CAVALCANTE - SESAT ","601,63",
TRUE,FALSE,FALSE,FALSE,FALSE,155,00056440,,ESTABILIZADOR DE VOLTAGEM DESCRICAO: 1000 VA-MARCA: TS SHARA - SERIE: 150314381,"001082-0100000092 - SEÇÃO DE SUPORTE E ATENDIMENTO AO USUÁRIO - SESAT 100000279-TRE-CE NOVA SEDE TERREO - RUA DR. PONTES NETO, 800 BAIRRO LUCIANO CAVALCANTE SESAT ",227,
TRUE,FALSE,FALSE,FALSE,FALSE,156,00056783,,POLTRONA GIRATORIA EM TECIDO DESCRICAO: ESPALDAR BAIXO. COR PRETA. MED. 420MM (A) E 450MM(L),"001082-0100000092 - SEÇÃO DE SUPORTE E ATENDIMENTO AO USUÁRIO SESAT 100000279-TRE-CENOVA SEDE TÉRREO - RUA DR. PONTES NETO, 800 BAIRRO LUCIANO CAVALCANTE - SESAT ",383,
TRUE,FALSE,FALSE,FALSE,FALSE,157,00056785,,POLTRONA GIRATORIA EM TECIDO DESCRICAO: ESPALDAR BAIXO. COR PRETA. MED. 420MM (A) E 450MM(L),"001082-0100000092 - SEÇÃO DE SUPORTE E ATENDIMENTO AO USUÁRIO SESAT 100000279-TRE-CE NOVA SEDE TERREO - RUA DR. PONTES NETO, 800 BAIRRO LUCIANO CAVALCANTE SESAT ",383,
TRUE,FALSE,FALSE,FALSE,FALSE,158,00056838,,POLTRONA GIRATORIA EM TECIDO DESCRICAO: ESPALDAR BAIXO. COR PRETA. MED. 420MM (A) E 450MM(L),"0607-30304001 - SEÇÃO DE ATENDIMENTO E APOIO AO USUÁRIO - SECAT-01010200 TRE CE-SEDE - CENTRO, 1º ANDAR SECAT ",383,
FALSE,FALSE,FALSE,FALSE,FALSE,159,00056854,,POLTRONA GIRATORIA EM TECIDO DESCRICAO: ESPALDAR BAIXO. COR PRETA. MED. 420MM (A) E 450MM(L),"001082-0100000092 - SEÇÃO DE SUPORTE E ATENDIMENTO AO USUÁRIO SESAT 100000279-TRE-CE NOVA SEDE TÉRREO - RUA DR. PONTES NETO, 800 BAIRRO LUCIANO CAVALCANTE - SESAT ",383,
FALSE,FALSE,FALSE,FALSE,FALSE,160,00056885,,WEBCAM 8 MP MARCA: LOGITECH MODELO: C525,"001082-0100000092 - SEÇÃO DE SUPORTE E ATENDIMENTO AO USUÁRIO SESAT 100000279-TRE-CE NOVA SEDE TÉRREO - RUA DR. PONTES NETO, 800 BAIRRO LUCIANO CAVALCANTE SESAT ",217.33,
FALSE,FALSE,FALSE,TRUE,FALSE,161,00056988,,MICROCOMPUTADOR PORTATIL (NOTEBOOK) DESCRICAO: PROCESSADOR: CORE 15. MEMA RIA: 8GB. HD: 256 GB. MARCA: ACER MODELO: A515-52-536H SERIE: NXHDAAL004938885549501,"001082-0100000092 - SEÇÃO DE SUPORTE E ATENDIMENTO AO USUÁRIO - SESAT 100000279-TRE-CE NOVA SEDE TÉRREO - RUA DR. PONTES NETO, 800 BAIRRO LUCIANO CAVALCANTE SESAT ","3.331,11",
FALSE,FALSE,FALSE,FALSE,FALSE,162,00057003,,MICROCOMPUTADOR PORTATIL (NOTEBOOK) DESCRICAO: PROCESSADOR: CORE 15. MEMORIA: 8GB. HD: 256 GB. MARCA: ACER MODELO: A515-52-536H SERIE: NXHDAAL004938884279501,"001082-0100000092 - SEÇÃO DE SUPORTE E ATENDIMENTO AO USUÁRIO SESAT 100000279-TRE-CENOVA SEDE TÉRREO-RUA DR. PONTES NETO, 800 BAIRRO LUCIANO CAVALCANTE SESAT ","3.331,11",
FALSE,FALSE,FALSE,TRUE,FALSE,163,00057007,,MICROCOMPUTADOR PORTATIL (NOTEBOOK) DESCRICAO: PROCESSADOR: CORE 15. MEMÓRIA: 8GB. HD: 256 GB. MARCA: ACER MODELO: A515-52-536H SERIE: NXHDAAL0049388849D9501,"001082-0100000092 - SEÇÃO DE SUPORTE E ATENDIMENTO AO USUÁRIO SESAT 100000279-TRE-CE NOVA SEDE TÉRREO - RUA DR. PONTES NETO, 800 BAIRRO LUCIANO CAVALCANTE SESAT ","3.331,11",
TRUE,FALSE,FALSE,FALSE,FALSE,164,00057022,,MICROCOMPUTADOR PORTATIL (NOTEBOOK) DESCRICAO: PROCESSADOR: CORE 15. MEMORIA: 8GB. HD: 256 GB. MARCA: ACER MODELO: A515-52-536H SERIE: NXHDAAL004938885619501,"0607-30304001 - SEÇÃO DE ATENDIMENTO E APOIO AO USUÁRIO - SECAT-01010200 TRE CE-SEDE - CENTRO, 1º ANDAR SECAT ","3.331,11",
TRUE,FALSE,FALSE,FALSE,FALSE,165,00057028,,MICROCOMPUTADOR PORTATIL (NOTEBOOK) DESCRICAO: PROCESSADOR: CORE 15. MEMÓRIA: 8GB. HD: 256 GB. MARCA: ACER MODELO: A515-52-536H SERIE: NXHDAAL0049388859C9501,"001082-0100000092 - SEÇÃO DE SUPORTE E ATENDIMENTO AO USUÁRIO SESAT 100000279-TRE-CE NOVA SEDE TERREO - RUA DR. PONTES NETO, 800 BAIRRO LUCIANO CAVALCANTE SESAT ","3.331,11",
FALSE,FALSE,FALSE,TRUE,FALSE,166,00057043,,MICROCOMPUTADOR PORTATIL (NOTEBOOK) DESCRICAO: PROCESSADOR: CORE 15. MEMORIA: 8GB. HD: 256 GB. MARCA: ACER MODELO: A515-52-536H SERIE: NXHDAAL00493888A509501,"001082-0100000092 - SEÇÃO DE SUPORTE E ATENDIMENTO AO USUÁRIO SESAT 100000279-TRE-CENOVA SEDE TÉRREO - RUA DR. PONTES NETO, 800 BAIRRO LUCIANO CAVALCANTE - SESAT ","3.331,11",teclado não funciona
FALSE,FALSE,FALSE,FALSE,FALSE,167,00057053,,MICROCOMPUTADOR PORTATIL (NOTEBOOK) DESCRICAO: PROCESSADOR: CORE 15. MEMÓRIA: 8GB. HD: 256 GB. MARCA: ACER MODELO: A515-52-536H SERIE: NXHDAAL0049408E0099501,"001082-0100000092 - SEÇÃO DE SUPORTE E ATENDIMENTO AO USUÁRIO SESAT 100000279-TRE-CE NOVA SEDE TERREO - RUA DR. PONTES NETO, 800 BAIRRO LUCIANO CAVALCANTE SESAT ","3.331,11",
TRUE,FALSE,FALSE,FALSE,FALSE,168,00057057,,MICROCOMPUTADOR PORTATIL (NOTEBOOK) DESCRICAO: PROCESSADOR: CORE 15. MEMORIA: 8GB. HD: 256 GB. MARCA: ACER MODELO: A515-52-536H SERIE: NXHDAAL0049408E00F9501,"001082-0100000092 - SEÇÃO DE SUPORTE E ATENDIMENTO AO USUÁRIO SESAT 100000279-TRE-CENOVA SEDE TERREO - RUA DR. PONTES NETO, 800 BAIRRO LUCIANO CAVALCANTE SESAT ","3.331,11",
TRUE,FALSE,FALSE,FALSE,FALSE,169,00057060,,MICROCOMPUTADOR PORTATIL (NOTEBOOK) DESCRICAO: PROCESSADOR: CORE 15. MEMÓRIA: 8GB. HD: 256 GB. MARCA: ACER MODELO: A515-52-536H SERIE: NXHDAAL0049408E0139501,"001082-0100000092 - SEÇÃO DE SUPORTE E ATENDIMENTO AO USUÁRIO SESAT 100000279-TRE-CENOVA SEDE TÉRREO - RUA DR. PONTES NETO, 800 BAIRRO LUCIANO CAVALCANTE SESAT ","3.331,11",
TRUE,FALSE,FALSE,FALSE,FALSE,170,00057069,,MICROCOMPUTADOR PORTATIL (NOTEBOOK) DESCRICAO: PROCESSADOR: CORE 15. MEMÓRIA: 8GB. HD: 256 GB. MARCA: ACER MODELO: A515-52-536H SERIE: NXHDAAL0049408E04E9501,"001082-0100000092 - SEÇÃO DE SUPORTE E ATENDIMENTO AO USUÁRIO - SESAT 100000279-TRE-CE NOVA SEDE TÉRREO - RUA DR. PONTES NETO, 800 BAIRRO LUCIANO CAVALCANTE SESAT ","3.331,11",
TRUE,FALSE,FALSE,FALSE,FALSE,171,00057073,,MICROCOMPUTADOR PORTATIL (NOTEBOOK) DESCRICAO: PROCESSADOR: CORE 15. MEMÓRIA: 8GB. HD: 256 GB. MARCA: ACER MODELO: A515-52-536H SERIE: NXHDAAL0049408E0549501,"001082-0100000092 - SEÇÃO DE SUPORTE E ATENDIMENTO AO USUÁRIO SESAT 100000279-TRE-CENOVA SEDE TÉRREO-RUA DR. PONTES NETO, 800 BAIRRO LUCIANO CAVALCANTE SESAT ","3.331,11",
TRUE,FALSE,FALSE,FALSE,FALSE,172,00057083,,MICROCOMPUTADOR PORTATIL (NOTEBOOK) DESCRICAO: PROCESSADOR: CORE 15. MEMÓRIA: 8GB. HD: 256 GB. MARCA: ACER MODELO: A515-52-536H SERIE: NXHDAAL0049408E0639501,"001082-0100000092 - SEÇÃO DE SUPORTE E ATENDIMENTO AO USUÁRIO SESAT 100000279-TRE-CE NOVA SEDE TERREO - RUA DR. PONTES NETO, 800 BAIRRO LUCIANO CAVALCANTE SESAT ","3.331,11",
TRUE,FALSE,FALSE,FALSE,FALSE,173,00057101,,MICROCOMPUTADOR PORTATIL (NOTEBOOK) DESCRICAO: PROCESSADOR: CORE 15. MEMORIA: 8GB. HD: 256 GB. MARCA: ACER MODELO: A515-52-536H SERIE: NXHDAAL0049408E0919501,"001082-0100000092 - SEÇÃO DE SUPORTE E ATENDIMENTO AO USUÁRIO SESAT 100000279-TRE-CENOVA SEDE TÉRREO - RUA DR. PONTES NETO, 800 BAIRRO LUCIANO CAVALCANTE - SESAT ","3.331,11",
TRUE,FALSE,FALSE,FALSE,FALSE,174,00057102,,MICROCOMPUTADOR PORTATIL (NOTEBOOK) DESCRICAO: PROCESSADOR: CORE 15. MEMÓRIA: 8GB. HD: 256 GB. MARCA: ACER MODELO: A515-52-536H SERIE: NXHDAAL0049408E0929501,"001082-0100000092 - SEÇÃO DE SUPORTE E ATENDIMENTO AO USUÁRIO SESAT 100000279-TRE-CE NOVA SEDE TERREO - RUA DR. PONTES NETO, 800 BAIRRO LUCIANO CAVALCANTE SESAT ","3.331,11",
TRUE,FALSE,FALSE,FALSE,FALSE,175,00057112,,MICROCOMPUTADOR PORTATIL (NOTEBOOK) DESCRICAO: PROCESSADOR: CORE 15. MEMORIA: 8GB. HD: 256 GB. MARCA: ACER MODELO: A515-52-536H SERIE: NXHDAAL0049408E3539501,"001082-0100000092 - SEÇÃO DE SUPORTE E ATENDIMENTO AO USUÁRIO SESAT 100000279-TRE-CENOVA SEDE TÉRREO - RUA DR. PONTES NETO, 800 BAIRRO LUCIANO CAVALCANTE - SESAT ","3.331,11",
TRUE,FALSE,FALSE,FALSE,FALSE,176,00057128,,APARELHO TELEFONICO IP COM LCD MARCA: GRANDSTREAM MODELO: GXP-1625,"001082-0100000092 - SEÇÃO DE SUPORTE E ATENDIMENTO AO USUÁRIO SESAT 100000279-TRE-CE NOVA SEDE TERREO - RUA DR. PONTES NETO, 800 BAIRRO LUCIANO CAVALCANTE SESAT ","240,08",
TRUE,FALSE,FALSE,FALSE,FALSE,177,00057141,,APARELHO TELEFONICO IP COM LCD MARCA: GRANDSTREAM MODELO: GXP-1625,"001082-0100000092 - SEÇÃO DE SUPORTE E ATENDIMENTO AO USUÁRIO SESAT 100000279-TRE-CE NOVA SEDE TERREO - RUA DR. PONTES NETO, 800 BAIRRO LUCIANO CAVALCANTE SESAT ","240,08",
TRUE,FALSE,FALSE,FALSE,FALSE,178,00057166,,APARELHO TELEFONICO IP COM LCD MARCA: GRANDSTREAM MODELO: GXP-1625,"000960 30304001 SEÇÃO DE ATENDIMENTO E ΑΡΟΙΟ AO USUÁRIO SECAT-100000279-TRE-CE-NOVA SEDE - TERREO - RUA DR. PONTES NETO, 800 - BAIRRO LUCIANO CAVALCANTE SECAT ",240.08,
FALSE,FALSE,FALSE,FALSE,FALSE,179,00057179,,APARELHO TELEFONICO IP COM LCD MARCA: GRANDSTREAM MODELO: GXP-1625,"0607-30304001 - SEÇÃO DE ATENDIMENTO E APOIO AO USUÁRIO - SECAT - 01010200- TRE CE-SEDE - CENTRO, 1º ANDAR SECAT ","240,08",
TRUE,FALSE,FALSE,FALSE,FALSE,180,00057180,,APARELHO TELEFONICO IP COM LCD MARCA: GRANDSTREAM MODELO: GXP-1625,"001082-0100000092 - SEÇÃO DE SUPORTE E ATENDIMENTO AO USUÁRIO SESAT 100000279-TRE-CENOVA SEDE TÉRREO - RUA DR. PONTES NETO, 800 BAIRRO LUCIANO CAVALCANTE SESAT ","240,08",
TRUE,FALSE,FALSE,FALSE,FALSE,181,00057181,,APARELHO TELEFONICO IP COM LCD MARCA: GRANDSTREAM MODELO: GXP-1625,"001082-0100000092 - SEÇÃO DE SUPORTE E ATENDIMENTO AO USUÁRIO - SESAT 100000279-TRE-CE NOVA SEDE TÉRREO - RUA DR. PONTES NETO, 800 BAIRRO LUCIANO CAVALCANTE SESAT ","240,08",
TRUE,FALSE,FALSE,FALSE,FALSE,182,00057182,,APARELHO TELEFONICO IP COM LCD MARCA: GRANDSTREAM MODELO: GXP-1625,"001082-0100000092 - SEÇÃO DE SUPORTE E ATENDIMENTO AO USUÁRIO SESAT 100000279-TRE-CENOVA SEDE TÉRREO - RUA DR. PONTES NETO, 800 BAIRRO LUCIANO CAVALCANTE SESAT ","240,08",
TRUE,FALSE,FALSE,FALSE,FALSE,183,00057191,,APARELHO TELEFONICO IP COM LCD MARCA: GRANDSTREAM MODELO: GXP-1625,"001082-0100000092 - SEÇÃO DE SUPORTE E ATENDIMENTO AO USUÁRIO SESAT 100000279-TRE-CE NOVA SEDE TERREO - RUA DR. PONTES NETO, 800 BAIRRO LUCIANO CAVALCANTE SESAT ","240,08",
TRUE,FALSE,FALSE,FALSE,FALSE,184,00057195,,APARELHO TELEFONICO IP COM LCD MARCA: GRANDSTREAM MODELO: GXP-1625,"000960 30304001 SEÇÃO DE ATENDIMENTO E ΑΡΟΙΟ AO USUÁRIO SECAT-100000279-TRE-CE-NOVA SEDE - TERREO - RUA DR. PONTES NETO, 800 - BAIRRO LUCIANO CAVALCANTE SECAT ","240,08",
TRUE,FALSE,FALSE,FALSE,FALSE,185,00057200,,APARELHO TELEFONICO IP COM LCD MARCA: GRANDSTREAM MODELO: GXP-1625,"001082-0100000092 - SEÇÃO DE SUPORTE E ATENDIMENTO AO USUÁRIO SESAT 100000279-TRE-CE NOVA SEDE TERREO - RUA DR. PONTES NETO, 800 BAIRRO LUCIANO CAVALCANTE SESAT ","240,08",
TRUE,FALSE,FALSE,FALSE,FALSE,186,00057201,,APARELHO TELEFONICO IP COM LCD MARCA: GRANDSTREAM MODELO: GXP-1625,"000960 30304001 SEÇÃO DE ATENDIMENTO E ΑΡΟΙΟ AO USUÁRIO SECAT-100000279-TRE-CE-NOVA SEDE - TERREO - RUA DR. PONTES NETO, 800 - BAIRRO LUCIANO CAVALCANTE SECAT ","240,08",
TRUE,FALSE,FALSE,FALSE,FALSE,187,00057240,,APARELHO TELEFONICO IP COM LCD MARCA: GRANDSTREAM MODELO: GXP-1625,"000960 30304001 SEÇÃO DE ATENDIMENTΟ Ε ΑΡΟΙΟ ΑΟ USUÁRIO SECAT-100000279-TRE-CE-NOVA SEDE - TERREO - RUA DR. PONTES NETO, 800- BAIRRO LUCIANO CAVALCANTE SECAT ","240,08",
TRUE,FALSE,FALSE,FALSE,FALSE,188,00057245,,APARELHO TELEFONICO IP COM LCD MARCA: GRANDSTREAM MODELO: GXP-1625,"000960 30304001 SEÇÃO DE ATENDIMENTO E ΑΡΟΙΟ AO USUÁRIO SECAT-100000279-TRE-CE-NOVA SEDE - TERREO - RUA DR. PONTES NETO, 800 - BAIRRO LUCIANO CAVALCANTE SECAT ",240.08,
TRUE,FALSE,FALSE,FALSE,FALSE,189,00057287,,APARELHO TELEFONICO IP COM LCD MARCA: GRANDSTREAM MODELO: GXP-1625,"001082-0100000092 - SEÇÃO DE SUPORTE E ATENDIMENTO AO USUÁRIO SESAT 100000279-TRE-CE NOVA SEDE TÉRREO - RUA DR. PONTES NETO, 800 BAIRRO LUCIANO CAVALCANTE SESAT ","240,08",
TRUE,FALSE,FALSE,FALSE,FALSE,190,00057292,,APARELHO TELEFONICO IP COM LCD MARCA: GRANDSTREAM MODELO: GXP-1625,"001082-0100000092 - SEÇÃO DE SUPORTE E ATENDIMENTO AO USUÁRIO SESAT 100000279-TRE-CENOVA SEDE TÉRREO - RUA DR. PONTES NETO, 800 BAIRRO LUCIANO CAVALCANTE SESAT ","240,08",
TRUE,FALSE,FALSE,FALSE,FALSE,191,00057311,,APARELHO TELEFONICO IP COM LCD MARCA: GRANDSTREAM MODELO: GXP-1625,"001082-0100000092 - SEÇÃO DE SUPORTE E ATENDIMENTO AO USUÁRIO SESAT 100000279-TRE-CE NOVA SEDE TÉRREO - RUA DR. PONTES NETO, 800 BAIRRO LUCIANO CAVALCANTE SESAT ","240,08",
TRUE,FALSE,FALSE,FALSE,FALSE,192,00057319,,APARELHO TELEFONICO IP COM LCD MARCA: GRANDSTREAM MODELO: GXP-1625,"001082-0100000092 - SEÇÃO DE SUPORTE E ATENDIMENTO AO USUÁRIO SESAT 100000279-TRE-CENOVA SEDE TÉRREO - RUA DR. PONTES NETO, 800 BAIRRO LUCIANO CAVALCANTE - SESAT ","240,08",
TRUE,FALSE,FALSE,FALSE,FALSE,193,00057645,,MICROCOMPUTADOR PORTATIL (NOTEBOOK) MARCA: POSITIVO MODELO: MASTER N4340 SERIE: 4A984CN2F,"001082-0100000092 - SEÇÃO DE SUPORTE E ATENDIMENTO AO USUÁRIO - SESAT 100000279-TRE-CE NOVA SEDE TERREO - RUA DR. PONTES NETO, 800 BAIRRO LUCIANO CAVALCANTE SESAT ","3.788,24",
TRUE,FALSE,FALSE,FALSE,FALSE,194,00057928,,MICROCOMPUTADOR DESKTOP DESCRICAO: ACESSÓRIOS: TECLADO USB E MOUSE USB-MARCA: POSITIVO - MODELO: MASTER C6300 MINIPRO - SERIE: 5A2484W71,"001082-0100000092 - SEÇÃO DE SUPORTE E ATENDIMENTO AO USUÁRIO SESAT 100000279-TRE-CENOVA SEDE TÉRREO - RUA DR. PONTES NETO, 800 BAIRRO LUCIANO CAVALCANTE - SESAT ","3.259,02",
TRUE,FALSE,FALSE,FALSE,FALSE,195,00058123,,MICROCOMPUTADOR DESKTOP DESCRICAO: ACESSÓRIOS: TECLADO USB E MOUSE USB-MARCA: POSITIVO - MODELO: MASTER C6300 MINIPRO-SERIE: 5A248645T,"001082-0100000092 - SEÇÃO DE SUPORTE E ATENDIMENTO AO USUÁRIO SESAT 100000279-TRE-CE NOVA SEDE TERREO - RUA DR. PONTES NETO, 800 BAIRRO LUCIANO CAVALCANTE SESAT ","3.259,02",
TRUE,FALSE,FALSE,FALSE,FALSE,196,00058222,,MICROCOMPUTADOR DESKTOP DESCRICAO: ACESSÓRIOS: TECLADO USB E MOUSE USB-MARCA: POSITIVO - MODELO: MASTER C6300 MINIPRO - SERIE: 5A2485L3R,"001082-0100000092 - SEÇÃO DE SUPORTE E ATENDIMENTO AO USUÁRIO SESAT 100000279-TRE-CENOVA SEDE TÉRREO - RUA DR. PONTES NETO, 800 BAIRRO LUCIANO CAVALCANTE - SESAT ","3.259,02",
TRUE,FALSE,FALSE,FALSE,FALSE,197,00058377,,"MONITOR DE VIDEO LED DESCRICAO: 23,8 MARCA: POSITIVO MODELO: 24BL550J-SERIE: 106S03095 ","001082-0100000092 - SEÇÃO DE SUPORTE E ATENDIMENTO AO USUÁRIO - SESAT 100000279-TRE-CE NOVA SEDE TERREO - RUA DR. PONTES NETO, 800 BAIRRO LUCIANO CAVALCANTE SESAT ","707,98",
TRUE,FALSE,FALSE,FALSE,FALSE,198,00058549,,"MONITOR DE VIDEO LED DESCRICAO: 23,8 MARCA: POSITIVO MODELO: 24BL550J-SERIE: 106S04597 ","001082-0100000092 - SEÇÃO DE SUPORTE E ATENDIMENTO AO USUÁRIO - SESAT 100000279-TRE-CE NOVA SEDE TÉRREO - RUA DR. PONTES NETO, 800 BAIRRO LUCIANO CAVALCANTE SESAT ",707.98,
TRUE,FALSE,FALSE,FALSE,FALSE,199,00058973,,"MESA PARA ESCRITORIO EM MADEIRA DESCRICAO: MESA RETANGULAR SEM GAVETAS. MED. 1400 X 700 X 740 MM (LXP X H), MARCA: GRIF-MODELO: AMAZONAS ","000960 30304001 SEÇÃO DE ATENDIMENTO E ΑΡΟΙΟ AO USUÁRIO SECAT-100000279-TRE-CE - NOVA SEDE - TERREO - RUA DR. PONTES NETO, 800- BAIRRO LUCIANO CAVALCANTE SECAT ","771,35",
TRUE,FALSE,FALSE,FALSE,FALSE,200,00059327,,CADEIRA GIRATORIA EM TECIDO DESCRICAO: TIPO DIRETOR EM TECIDO CREPE - MARCA: TOK MODELO: 91F1,"001082-0100000092 - SEÇÃO DE SUPORTE E ATENDIMENTO AO USUÁRIO SESAT 100000279-TRE-CENOVA SEDE TERREO - RUA DR. PONTES NETO, 800 BAIRRO LUCIANO CAVALCANTE SESAT ",917,
FALSE,FALSE,FALSE,FALSE,FALSE,201,00059535,,MICROCOMPUTADOR DESKTOP DESCRICAO: ACESSÓRIOS: TECLADO USB E MOUSE USB-MARCA: POSITIVO MODELO: MASTER C6300 MINIPRO - SERIE: 5A265MK7I,"000960 30304001 SEÇÃO DE ATENDIMENTO E ΑΡΟΙΟ ΑΟ USUÁRIO SECAT-100000279-TRE-CE - NOVA SEDE - TERREO - RUA DR. PONTES NETO, 800- BAIRRO LUCIANO CAVALCANTE SECAT ","3.259,02",
TRUE,FALSE,FALSE,FALSE,FALSE,202,00059638,,"MONITOR DE VIDEO LED DESCRICAO: 23.8"""" MARCA: POSITIVO MODELO: 24BL550J-SERIE: 107S03106 ","000960 30304001 SEÇÃO DE ATENDIMENTO E ΑΡΟΙΟ AO USUÁRIO SECAT-100000279-TRE-CE-NOVA SEDE - TERREO - RUA DR. PONTES NETO, 800 - BAIRRO LUCIANO CAVALCANTE SECAT ","707,98",
TRUE,FALSE,FALSE,FALSE,FALSE,203,00059693,,"MONITOR DE VIDEO LED DESCRICAO: 23,8 MARCA: POSITIVO MODELO: 24BL550J-SERIE: 106S08774 ","001082-0100000092 - SEÇÃO DE SUPORTE E ATENDIMENTO AO USUÁRIO - SESAT 100000279-TRE-CE NOVA SEDE TERREO - RUA DR. PONTES NETO, 800 BAIRRO LUCIANO CAVALCANTE SESAT ","707,98",
TRUE,FALSE,FALSE,FALSE,FALSE,204,00059934,,"TELEVISOR LED - DESCRICAO: SMART TV 4K 50""""-MARCA: AOC - MODELO: 50U6305- SERIE: 506M1XA003990 ","001082-0100000092 - SEÇÃO DE SUPORTE E ATENDIMENTO AO USUÁRIO SESAT 100000279-TRE-CENOVA SEDE TÉRREO - RUA DR. PONTES NETO, 800 BAIRRO LUCIANO CAVALCANTE - SESAT ","2.689,88",
TRUE,FALSE,FALSE,FALSE,FALSE,205,00059936,,"TELEVISOR LED - DESCRICAO: SMART TV 4K 50""""-MARCA: AOC MODELO: 50U6305- SERIE: 506M1XA001144 ","001082-0100000092 - SEÇÃO DE SUPORTE E ATENDIMENTO AO USUÁRIO - SESAT 100000279-TRE-CE NOVA SEDE TERREO - RUA DR. PONTES NETO, 800 BAIRRO LUCIANO CAVALCANTE SESAT ","2.689,88",
TRUE,FALSE,FALSE,FALSE,FALSE,206,00060133,,ARMARIO MEDIO EM MADEIRA DESCRICAO: MED. 900 MM DE LARGURA X 500 MM DE PROFUNDIDADE X 1100 MM DE ALTURA. MARCA: GRIF MODELO: AMAZONAS,"000960 30304001 SEÇÃO DE ATENDIMENTO E ΑΡΟΙΟ AO USUÁRIO SECAT-100000279-TRE-CE-NOVA SEDE - TERREO - RUA DR. PONTES NETO, 800 - BAIRRO LUCIANO CAVALCANTE SECAT ","702,24",
TRUE,FALSE,FALSE,FALSE,FALSE,207,00060178,,ARMARIO MEDIO EM MADEIRA DESCRICAO: MED. 900 MM DE LARGURA X 500 MM DE PROFUNDIDADE X 1100 MM DE ALTURA. MARCA: GRIF MODELO: AMAZONAS,"000960 30304001 SEÇÃO DE ATENDIMENTO E ΑΡΟΙΟ ΑΟ USUÁRIO SECAT-100000279-TRE-CE-NOVA SEDE - TERREO - RUA DR. PONTES NETO, 800- BAIRRO LUCIANO CAVALCANTE - SECAT ","702,24",
TRUE,FALSE,FALSE,FALSE,FALSE,208,00060345,,ARMARIO MODULAR EM MADEIRA DESCRICAO: MED. 400 MM DE LARGURA X 600 MM DE PROFUNDIDADE X 740 MM DE ALTURA. 1 PRATELEIRA INTERMEDIARIA - MARCA: GRIF - MODELO: AMAZONAS,"000960 30304001 SEÇÃO DE ATENDIMENTO E ΑΡΟΙΟ AO USUÁRIO SECAT-100000279-TRE-CE-NOVA SEDE - TÉRREO - RUA DR. PONTES NETO, 800- BAIRRO LUCIANO CAVALCANTE SECAT ",606.87,
TRUE,FALSE,FALSE,FALSE,FALSE,209,00060701,,"MESA PARA REUNIAO EM MADEIRA DESCRICAO: PARA 10 LUGARES, MED, 3000 MM X 1200 MM X 740 MM-MARCA: GRIF - MODELO: AMAZONAS ","001082-0100000092 - SEÇÃO DE SUPORTE E ATENDIMENTO AO USUÁRIO SESAT 100000279-TRE-CENOVA SEDE TÉRREO - RUA DR. PONTES NETO, 800 BAIRRO LUCIANO CAVALCANTE SESAT ","1.344,26",
TRUE,FALSE,FALSE,FALSE,FALSE,210,00060950,,"GAVETEIRO VOLANTE EM MADEIRA DESCRICAO: MED. 0,35 M (L) X 0,50 M (P) X 0,63 M (A) MARCA: GRIF - MODELO: AMAZONAS ","000960 30304001 SEÇÃO DE ATENDIMENTO E ΑΡΟΙΟ ΑΟ USUÁRIO SECAT-100000279-TRE-CE-NOVA SEDE - TERREO - RUA DR. PONTES NETO, 800- BAIRRO LUCIANO CAVALCANTE SECAT ",417,
TRUE,FALSE,FALSE,FALSE,FALSE,211,00061370,,"GAVETEIRO VOLANTE EM MADEIRA DESCRICAO: MED. 0,35 M (L) X 0,50 M (P) X 0,63 M (A) MARCA: GRIF - MODELO AMAZONAS ","001082-0100000092 - SEÇÃO DE SUPORTE E ATENDIMENTO AO USUÁRIO SESAT 100000279-TRE-CENOVA SEDE TERREO - RUA DR. PONTES NETO, 800 BAIRRO LUCIANO CAVALCANTE SESAT ","465,91",
FALSE,FALSE,FALSE,FALSE,FALSE,212,00061495,,MICROCOMPUTADOR PORTÁTIL (ULTRABOOK) PROCESSADOR 15 - MARCA: HP MODELO: EB640G9 SERIE: BRJ24742C0,"001082-0100000092 - SEÇÃO DE SUPORTE E ATENDIMENTO AO USUÁRIO SESAT 100000279-TRE-CE NOVA SEDE TÉRREO - RUA DR. PONTES NETO, 800 BAIRRO LUCIANO CAVALCANTE SESAT ","6.870,00",
FALSE,FALSE,FALSE,FALSE,FALSE,213,00061589,,MICROCOMPUTADOR PORTÁTIL (ULTRABOOK) PROCESSADOR 15-MARCA: HP MODELO: EB640G9 SERIE: BRJ2474298,"000960 30304001 SEÇÃO DE ATENDIMENTO E ΑΡΟΙΟ AO USUÁRIO SECAT-100000279-TRE-CE-NOVA SEDE - TERREO - RUA DR. PONTES NETO, 800 - BAIRRO LUCIANO CAVALCANTE SECAT ","6.870,00",
FALSE,FALSE,FALSE,FALSE,FALSE,214,00061608,,MICROCOMPUTADOR PORTÁTIL (ULTRABOOK) PROCESSADOR 15-MARCA: HP MODELO: EB640G9 SERIE: BRJ247427W,"001082-0100000092 - SEÇÃO DE SUPORTE E ATENDIMENTO AO USUÁRIO - SESAT 100000279-TRE-CE NOVA SEDE TERREO - RUA DR. PONTES NETO, 800 BAIRRO LUCIANO CAVALCANTE SESAT ","6.870,00",
FALSE,FALSE,FALSE,FALSE,FALSE,215,00061706,,"ESTAÇÃO DE TRABALHO INDIVIDUAL DESCRICAO: MED. 1,50 M X 0,60 M X 1,50 M X 0,60 M (LX PXH) - MARCA: GRIF - MODELO: AMAZONAS ","001082-0100000092 - SEÇÃO DE SUPORTE E ATENDIMENTO AO USUÁRIO SESAT 100000279-TRE-CENOVA SEDE TÉRREO - RUA DR. PONTES NETO, 800 BAIRRO LUCIANO CAVALCANTE - SESAT ","1.487,64",
FALSE,FALSE,FALSE,FALSE,FALSE,216,00061760,,MICROCOMPUTADOR PORTÁTIL (ULTRABOOK) PROCESSADOR 15 - MARCA: HP MODELO: EB640G9 SERIE: BRJ2494B3Z,"000960 30304001 SEÇÃO DE ATENDIMENTO E ΑΡΟΙΟ ΑΟ USUÁRIO SECAT-100000279-TRE-CE-NOVA SEDE - TERREO - RUA DR. PONTES NETO, 800- BAIRRO LUCIANO CAVALCANTE SECAT ","6.870,00",
FALSE,FALSE,FALSE,FALSE,FALSE,217,00061762,,MICROCOMPUTADOR PORTÁTIL (ULTRABOOK) PROCESSADOR 15-MARCA: HP MODELO: EB640G9 SERIE: BRJ2494B2X,"000960 30304001 SEÇÃO DE ATENDIMENTO E ΑΡΟΙΟ AO USUÁRIO SECAT-100000279-TRE-CE-NOVA SEDE - TERREO - RUA DR. PONTES NETO, 800 - BAIRRO LUCIANO CAVALCANTE SECAT ","6.870,00",
TRUE,FALSE,FALSE,FALSE,FALSE,218,00061794,,MICROCOMPUTADOR PORTÁTIL (ULTRABOOK) PROCESSADOR 15 - MARCA: HP-MODELO: EB640G9-SERIE: BRJ249494J,"001082-0100000092 - SEÇÃO DE SUPORTE E ATENDIMENTO AO USUÁRIO SESAT 100000279-TRE-CE NOVA SEDE TÉRREO - RUA DR. PONTES NETO, 800 BAIRRO LUCIANO CAVALCANTE SESAT ","6.870,00",
TRUE,FALSE,FALSE,FALSE,FALSE,219,00061946,,MICROCOMPUTADOR PORTATIL (NOTEBOOK) DESCRICAO: PROCESSADOR INTEL® CORE 15 - MARCA: ACER MODELO: NITRO5 SERIE: NHQF0AL002250012249200,"000960 30304001 SEÇÃO DE ATENDIMENTO E ΑΡΟΙΟ AO USUARIO SECAT-100000279-TRE-CE-NOVA SEDE - TERREO - RUA DR. PONTES NETO, 800 - BAIRRO LUCIANO CAVALCANTE SECAT ","6.649,00",
FALSE,FALSE,FALSE,FALSE,FALSE,220,00061947,,MICROCOMPUTADOR PORTATIL (NOTEBOOK) DESCRICAO: PROCESSADOR INTEL® CORE 15-MARCA: ACER MODELO: NITROS SERIE: NHQF0AL002302016069Z00,"000960 30304001 SEÇÃO DE ATENDIMENTO E ΑΡΟΙΟ ΑΟ USUÁRIO SECAT-100000279-TRE-CE - NOVA SEDE - TERREO - RUA DR. PONTES NETO, 800- BAIRRO LUCIANO CAVALCANTE SECAT ","6.649,00",
TRUE,FALSE,FALSE,FALSE,FALSE,221,00061973,,MICROCOMPUTADOR PORTATIL (NOTEBOOK) DESCRICAO: PROCESSADOR INTEL® CORE 15 - MARCA: ACER MODELO: NITROS SERIE: NHQF0AL001225029119200,"001082-0100000092 - SEÇÃO DE SUPORTE E ATENDIMENTO AO USUÁRIO SESAT 100000279-TRE-CENOVA SEDE TÉRREO-RUA DR. PONTES NETO, 800 BAIRRO LUCIANO CAVALCANTE SESAT ","6.649,00",
TRUE,FALSE,FALSE,FALSE,FALSE,222,00061977,,MICROCOMPUTADOR PORTATIL (NOTEBOOK) DESCRICAO: PROCESSADOR INTEL® CORE 15-MARCA: ACER MODELO: NITROS SERIE: NHQF0AL002302016039200,"000960 30304001 SEÇÃO DE ATENDIMENTO E ΑΡΟΙΟ ΑΟ USUÁRIO SECAT-100000279-TRE-CE-NOVA SEDE - TERREO - RUA DR. PONTES NETO, 800- BAIRRO LUCIANO CAVALCANTE SECAT ","6.649,00",
FALSE,FALSE,FALSE,FALSE,FALSE,223,00061985,,MICROCOMPUTADOR PORTATIL (NOTEBOOK) DESCRICAO: PROCESSADOR INTEL® CORE 15 - MARCA: ACER MODELO: NITROS SERIE: NHQF0AL0022500121D9Z00,"000960 30304001 SEÇÃO DE ATENDIMENTO E ΑΡΟΙΟ AO USUÁRIO SECAT-100000279-TRE-CE-NOVA SEDE - TERREO - RUA DR. PONTES NETO, 800 - BAIRRO LUCIANO CAVALCANTE SECAT ","6.649,00",
FALSE,FALSE,FALSE,FALSE,FALSE,224,00061986,,MICROCOMPUTADOR PORTATIL (NOTEBOOK) DESCRICAO: PROCESSADOR INTEL® CORE 15-MARCA: ACER MODELO: NITRO5 SERIE: NHQF0AL002247001159200,"001082-0100000092 - SEÇÃO DE SUPORTE E ATENDIMENTO AO USUÁRIO - SESAT 100000279-TRE-CE NOVA SEDE TERREO - RUA DR. PONTES NETO, 800 BAIRRO LUCIANO CAVALCANTE SESAT ","6.649,00",
FALSE,FALSE,FALSE,FALSE,FALSE,225,00061987,,MICROCOMPUTADOR PORTATIL (NOTEBOOK) DESCRICAO: PROCESSADOR INTEL® CORE 15 - MARCA: ACER MODELO: NITROS SERIE: NHQF0AL0023020160F9Z00,"000960 30304001 SEÇÃO DE ATENDIMENTO E ΑΡΟΙΟ AO USUÁRIO SECAT-100000279-TRE-CE-NOVA SEDE - TERREO - RUA DR. PONTES NETO, 800 - BAIRRO LUCIANO CAVALCANTE - SECAT ","6.649,00",
FALSE,FALSE,FALSE,FALSE,FALSE,226,00061988,,MICROCOMPUTADOR PORTATIL (NOTEBOOK) DESCRICAO: PROCESSADOR INTEL® CORE 15-MARCA: ACER MODELO: NITROS SERIE: NHQF0AL002247001209200,"000960 30304001 SEÇÃO DE ATENDIMENTO E ΑΡΟΙΟ ΑΟ USUÁRIO SECAT-100000279-TRE-CE-NOVA SEDE - TERREO - RUA DR. PONTES NETO, 800- BAIRRO LUCIANO CAVALCANTE SECAT ","6.649,00",
TRUE,FALSE,FALSE,FALSE,FALSE,227,00061989,,MICROCOMPUTADOR PORTATIL (NOTEBOOK) DESCRICAO: PROCESSADOR INTEL® CORE 15 - MARCA: ACER MODELO: NITROS SERIE: NHQF0AL002250011CA9Z00,"000960 30304001 SEÇÃO DE ATENDIMENTO E ΑΡΟΙΟ AO USUÁRIO SECAT-100000279-TRE-CE-NOVA SEDE - TERREO - RUA DR. PONTES NETO, 800 - BAIRRO LUCIANO CAVALCANTE SECAT ","6.649,00",
TRUE,FALSE,FALSE,FALSE,FALSE,228,00062133,,"TELEVISOR LED - DESCRICAO: SMART TV LED 32"""" MARCA: PHILCO MODELO: PTV32G7PR2CSBLH ","001082-0100000092 - SEÇÃO DE SUPORTE E ATENDIMENTO AO USUÁRIO SESAT 100000279-TRE-CE NOVA SEDE TÉRREO - RUA DR. PONTES NETO, 800 BAIRRO LUCIANO CAVALCANTE - SESAT ","1.395,00",
TRUE,FALSE,FALSE,FALSE,FALSE,229,00062292,,ESTAÇÃO DE TRABALHO INDIVIDUAL DESCRICAO: COR CINZA. MED. 1500 X 600 (DESMEMBRADA DA ESTAÇÃO DE 4 POSTOS) MARCA: GRIF - MODELO: AMAZONAS,"001082-0100000092 - SEÇÃO DE SUPORTE E ATENDIMENTO AO USUÁRIO SESAT 100000279-TRE-CE NOVA SEDE TÉRREO - RUA DR. PONTES NETO, 800 BAIRRO LUCIANO CAVALCANTE SESAT ",1.296.06,
TRUE,FALSE,FALSE,FALSE,FALSE,230,00062293,,ESTAÇÃO DE TRABALHO INDIVIDUAL DESCRICAO: COR CINZA. MED. 1500 X 600 (DESMEMBRADA DA ESTAÇÃO DE 4 POSTOS) MARCA: GRIF MODELO: AMAZONAS,"001082-0100000092 - SEÇÃO DE SUPORTE E ATENDIMENTO AO USUÁRIO - SESAT 100000279-TRE-CE NOVA SEDE TÉRREO - RUA DR. PONTES NETO, 800 BAIRRO LUCIANO CAVALCANTE SESAT ","1.296,06",
TRUE,FALSE,FALSE,FALSE,FALSE,231,00062294,,ESTAÇÃO DE TRABALHO INDIVIDUAL DESCRICAO: COR CINZA. MED. 1500 X 600. (DESMEMBRADA DA ESTAÇÃO DE 4 POSTOS) MARCA: GRIF MODELO: AMAZONAS,"001082-0100000092 - SEÇÃO DE SUPORTE E ATENDIMENTO AO USUÁRIO SESAT 100000279-TRE-CENOVA SEDE TÉRREO-RUA DR. PONTES NETO, 800 BAIRRO LUCIANO CAVALCANTE SESAT ","1.296,06",
TRUE,FALSE,FALSE,FALSE,FALSE,232,00062295,,ESTAÇÃO DE TRABALHO INDIVIDUAL DESCRICAO: COR CINZA. MED. 1500 X 600 (DESMEMBRADA DA ESTAÇÃO DE 4 POSTOS) MARCA: GRIF MODELO: AMAZONAS,"001082-0100000092 - SEÇÃO DE SUPORTE E ATENDIMENTO AO USUÁRIO SESAT 100000279-TRE-CE NOVA SEDE TÉRREO - RUA DR. PONTES NETO, 800 BAIRRO LUCIANO CAVALCANTE SESAT ","1.296,06",
TRUE,FALSE,FALSE,FALSE,FALSE,233,00062296,,"ESTAÇÃO DE TRABALHO INDIVIDUAL DESCRICAO: COR CINZA, MED. 1500 X 600 (DESMEMBRADA DA ESTAÇÃO DE 4 POSTOS) MARCA: GRIF MODELO: AMAZONAS ","001082-0100000092 - SEÇÃO DE SUPORTE E ATENDIMENTO AO USUÁRIO SESAT 100000279-TRE-CENOVA SEDE TÉRREO - RUA DR. PONTES NETO, 800 BAIRRO LUCIANO CAVALCANTE - SESAT ","1.296,06",
TRUE,FALSE,FALSE,FALSE,FALSE,234,00062297,,ESTAÇÃO DE TRABALHO INDIVIDUAL DESCRICAO: COR CINZA. MED. 1500 X 600 (DESMEMBRADA DA ESTAÇÃO DE 4 POSTOS) MARCA: GRIF MODELO: AMAZONAS,"001082-0100000092 - SEÇÃO DE SUPORTE E ATENDIMENTO AO USUÁRIO - SESAT 100000279-TRE-CE NOVA SEDE TERREO - RUA DR. PONTES NETO, 800 BAIRRO LUCIANO CAVALCANTE SESAT ","1.296,06",
FALSE,FALSE,FALSE,FALSE,FALSE,235,00062298,,"ESTAÇÃO DE TRABALHO INDIVIDUAL DESCRICAO: COR CINZA, MED. 1500 X 600 (DESMEMBRADA DA ESTAÇÃO DE 4 POSTOS) MARCA: GRIF MODELO: AMAZONAS ","001082-0100000092 - SEÇÃO DE SUPORTE E ATENDIMENTO AO USUÁRIO SESAT 100000279-TRE-CENOVA SEDE TÉRREO - RUA DR. PONTES NETO, 800 BAIRRO LUCIANO CAVALCANTE - SESAT ","1.296,06",
TRUE,FALSE,FALSE,FALSE,FALSE,236,00062299,,ESTAÇÃO DE TRABALHO INDIVIDUAL DESCRICAO: COR CINZA. MED. 1500 X 600 (DESMEMBRADA DA ESTAÇÃO DE 4 POSTOS) MARCA: GRIF - MODELO AMAZONAS,"001082-0100000092 - SEÇÃO DE SUPORTE E ATENDIMENTO AO USUÁRIO - SESAT 100000279-TRE-CE NOVA SEDE TERREO - RUA DR. PONTES NETO, 800 BAIRRO LUCIANO CAVALCANTE SESAT ","1.296,06",
TRUE,FALSE,FALSE,FALSE,FALSE,237,00062300,,ESTAÇÃO DE TRABALHO INDIVIDUAL DESCRICAO: COR CINZA. MED. 1500 X 600 (DESMEMBRADA DA ESTAÇÃO DE 4 POSTOS) MARCA: GRIF MODELO: AMAZONAS,"001082-0100000092 - SEÇÃO DE SUPORTE E ATENDIMENTO AO USUÁRIO SESAT 100000279-TRE-CENOVA SEDE TÉRREO - RUA DR. PONTES NETO, 800 BAIRRO LUCIANO CAVALCANTE - SESAT ","1.296,06",
TRUE,FALSE,FALSE,FALSE,FALSE,238,00062301,,ESTAÇÃO DE TRABALHO INDIVIDUAL DESCRICAO: COR CINZA. MED. 1500 X 600 (DESMEMBRADA DA ESTAÇÃO DE 4 POSTOS) MARCA: GRIF MODELO: AMAZONAS,"001082-0100000092 - SEÇÃO DE SUPORTE E ATENDIMENTO AO USUÁRIO SESAT 100000279-TRE-CE NOVA SEDE TERREO - RUA DR. PONTES NETO, 800 BAIRRO LUCIANO CAVALCANTE - SESAT ","1.296,06",
FALSE,FALSE,FALSE,FALSE,FALSE,239,00062302,,ESTAÇÃO DE TRABALHO INDIVIDUAL DESCRICAO: COR CINZA. MED. 1500 X 600 (DESMEMBRADA DA ESTAÇÃO DE 4 POSTOS) MARCA: GRIF MODELO: AMAZONAS,"001082-0100000092 - SEÇÃO DE SUPORTE E ATENDIMENTO AO USUÁRIO - SESAT 100000279-TRE-CE NOVA SEDE TERREO - RUA DR. PONTES NETO, 800 BAIRRO LUCIANO CAVALCANTE SESAT ",1.296.06,
TRUE,FALSE,FALSE,FALSE,FALSE,240,00062303,,ESTAÇÃO DE TRABALHO INDIVIDUAL DESCRICAO: COR CINZA. MED. 1500 X 600 (DESMEMBRADA DA ESTAÇÃO DE 4 POSTOS) MARCA: GRIF MODELO: AMAZONAS,"001082-0100000092 - SEÇÃO DE SUPORTE E ATENDIMENTO AO USUÁRIO SESAT 100000279-TRE-CE NOVA SEDE TÉRREO - RUA DR. PONTES NETO, 800 BAIRRO LUCIANO CAVALCANTE SESAT ","1.296,06",
TRUE,FALSE,FALSE,FALSE,FALSE,241,00062304,,ESTAÇÃO DE TRABALHO INDIVIDUAL DESCRICAO: COR CINZA. MED. 1500 X 600. (DESMEMBRADA DA ESTAÇÃO DE 4 POSTOS) MARCA: GRIF - MODELO: AMAZONAS,"001082-0100000092 - SEÇÃO DE SUPORTE E ATENDIMENTO AO USUÁRIO SESAT 100000279-TRE-CENOVA SEDE TÉRREO - RUA DR. PONTES NETO, 800 BAIRRO LUCIANO CAVALCANTE SESAT ","1.296,06",
TRUE,FALSE,FALSE,FALSE,FALSE,242,00062305,,ESTAÇÃO DE TRABALHO INDIVIDUAL DESCRICAO: COR CINZA. MED. 1500 X 600 (DESMEMBRADA DA ESTAÇÃO DE 4 POSTOS) MARCA: GRIF MODELO: AMAZONAS,"001082-0100000092 - SEÇÃO DE SUPORTE E ATENDIMENTO AO USUÁRIO SESAT 100000279-TRE-CE NOVA SEDE TERREO - RUA DR. PONTES NETO, 800 BAIRRO LUCIANO CAVALCANTE SESAT ","1.296,06",
FALSE,FALSE,FALSE,FALSE,FALSE,243,00063265,,MICROCOMPUTADOR DESKTOP - MARCA: POSITIVO - MODELO: C8400,"001082-0100000092 - SEÇÃO DE SUPORTE E ATENDIMENTO AO USUÁRIO SESAT 100000279-TRE-CENOVA SEDE TÉRREO - RUA DR. PONTES NETO, 800 BAIRRO LUCIANO CAVALCANTE - SESAT ","4.649,98",
TRUE,FALSE,FALSE,FALSE,FALSE,244,00063421,,MICROCOMPUTADOR DESKTOP - MARCA: POSITIVO MODELO: C8400 SERIE: 5A460G37M,"001082-0100000092 - SEÇÃO DE SUPORTE E ATENDIMENTO AO USUÁRIO - SESAT 100000279-TRE-CE NOVA SEDE TERREO - RUA DR. PONTES NETO, 800 BAIRRO LUCIANO CAVALCANTE SESAT ","4.649,98",
FALSE,FALSE,FALSE,FALSE,FALSE,245,00063504,,MICROCOMPUTADOR DESKTOP - MARCA: POSITIVO MODELO: C8400,"001082-0100000092 - SEÇÃO DE SUPORTE E ATENDIMENTO AO USUÁRIO SESAT 100000279-TRE-CENOVA SEDE TÉRREO - RUA DR. PONTES NETO, 800 BAIRRO LUCIANO CAVALCANTE - SESAT ","4.649,98",
FALSE,FALSE,FALSE,FALSE,FALSE,246,00063881,,MONITOR DE VIDEO LED MARCA: POSITIVO MODELO: 24BN650U,"001082-0100000092 - SEÇÃO DE SUPORTE E ATENDIMENTO AO USUÁRIO - SESAT 100000279-TRE-CE NOVA SEDE TERREO - RUA DR. PONTES NETO, 800 BAIRRO LUCIANO CAVALCANTE SESAT ","696,02",
TRUE,FALSE,FALSE,FALSE,FALSE,247,00063909,,MONITOR DE VIDEO LED MARCA: POSITIVO MODELO: 24BN650U,"001082-0100000092 - SEÇÃO DE SUPORTE E ATENDIMENTO AO USUÁRIO SESAT 100000279-TRE-CENOVA SEDE TÉRREO - RUA DR. PONTES NETO, 800 BAIRRO LUCIANO CAVALCANTE - SESAT ","696,02",
FALSE,FALSE,FALSE,FALSE,FALSE,248,00824690,,SOFTWARE (PEN DRIVE PARA ATIVAÇÃO - DONGLE) - KIT BIO - SERIE: 15455,"0607-30304001 - SEÇÃO DE ATENDIMENTO E APOIO AO USUÁRIO - SECAT-01010200- TRE_CE-SEDE - CENTRO, 1º ANDAR SECAT ","5.500,00",
TRUE,FALSE,FALSE,FALSE,FALSE,249,00850532,,MICROFONE DE MESA DESCRICAO: MICROFONE CONDENSADOR COM FIO. PADRÃO POLAR: OMNIDIRECIONAL. CONEXÃO USB - MARCA: KNUP - MODELO: KP-916,"001082-0100000092 - SEÇÃO DE SUPORTE E ATENDIMENTO AO USUÁRIO SESAT 100000279-TRE-CENOVA SEDE TERREO-RUA DR. PONTES NETO, 800 BAIRRO LUCIANO CAVALCANTE SESAT ",90.80,
FALSE,FALSE,FALSE,FALSE,FALSE,250,00850604,,SOFTWARE COM VIDA UTIL INDEFINIDA DESCRICAO: MICROSOFT WINDOWS OFFICE HOME & BUSINESS 2016 (1 LICENÇA VITALICIA). PAD N° 13788/2018.,"001082-0100000092 - SEÇÃO DE SUPORTE E ATENDIMENTO AO USUÁRIO SESAT 100000279-TRE-CE NOVA SEDE TÉRREO - RUA DR. PONTES NETO, 800 BAIRRO LUCIANO CAVALCANTE SESAT ","424,91",
FALSE,FALSE,FALSE,FALSE,FALSE,251,00850605,,SOFTWARE COM VIDA ÚTIL INDEFINIDA DESCRICAO: MICROSOFT WINDOWS OFFICE HOME & BUSINESS 2016 (1 LICENÇA VITALICIA). PAD N° 13788/2018.,"001082-0100000092 - SEÇÃO DE SUPORTE E ATENDIMENTO AO USUÁRIO - SESAT 100000279-TRE-CE NOVA SEDE TÉRREO - RUA DR. PONTES NETO, 800 BAIRRO LUCIANO CAVALCANTE SESAT ","424,91",
FALSE,FALSE,FALSE,FALSE,FALSE,252,60015601,,MODULO CENÁRIO KIT BIO MARCA: AKIYAMA-SERIE: 00260600008A,001179-0100000092 - SEÇÃO DE SUPORTE E ATENDIMENTO AO USUÁRIO SESAT 100000361-TRE-CE-NOVA SEDE OPR- NÚCLEO DO SERVIÇO DE OPERAÇÃO - SESAT,800,
FALSE,FALSE,FALSE,FALSE,FALSE,253,60045517,,PAD PARA CAPTURA DE ASSINATURA DO ELEITOR KIT BIOMARCA: E-SING PAD - MODELO: MSP 4300-SERIE: 151410518,001179-0100000092 - SEÇÃO DE SUPORTE E ATENDIMENTO AO USUÁRIO SESAT 100000361-TRE-CE-NOVA SEDE - OPR NÚCLEO DO SERVIÇO DE OPERAÇÃO - SESAT,"965,69",
TRUE,FALSE,FALSE,FALSE,FALSE,254,60047958,,PAD PARA CAPTURA DE ASSINATURA DO ELEITOR - KIT BIOMARCA: E-SING PAD - MODELO: MSP 4300-SERIE: 151412959,"001082-0100000092 - SEÇÃO DE SUPORTE E ATENDIMENTO AO USUÁRIO SESAT 100000279-TRE-CENOVA SEDE TÉRREO - RUA DR. PONTES NETO, 800 BAIRRO LUCIANO CAVALCANTE - SESAT ","965,69",
TRUE,FALSE,FALSE,FALSE,FALSE,255,60077400,,LEITOR ÓTICO DE IMPRESSÕES DIGITAIS (SCANER) KIT BIOMARCA: INTEGRATED BIOMETRICS - MODELO: WATSON MINI SERIE: 150608401,"001082-0100000092 - SEÇÃO DE SUPORTE E ATENDIMENTO AO USUÁRIO - SESAT 100000279-TRE-CE NOVA SEDE TERREO - RUA DR. PONTES NETO, 800 BAIRRO LUCIANO CAVALCANTE SESAT ",850,
TRUE,FALSE,FALSE,FALSE,FALSE,256,60092926,,DISPOSITIVO DE CAPTURA DE IMAGENS DIGITAIS (CAMERA DIGITAL) - KIT BIO MARCA: CANON MODELO: SX510 HS SERIE: 150306927,001179-0100000092 - SEÇÃO DE SUPORTE E ATENDIMENTO AO USUÁRIO SESAT 100000361-TRE-CE-NOVA SEDE - OPR - NÚCLEO DO SERVIÇO DE OPERAÇÃO - SESAT,"1.062,50",
FALSE,FALSE,FALSE,FALSE,FALSE,257,60092957,,DISPOSITIVO DE CAPTURA DE IMAGENS DIGITAIS (CAMERA DIGITAL) - KIT BIO MARCA: CANON MODELO: SX510 HS SERIE: 150306958,"000960 30304001 SEÇÃO DE ATENDIMENTO E ΑΡΟΙΟ ΑΟ USUÁRIO SECAT-100000279-TRE-CE-NOVA SEDE - TERREO - RUA DR. PONTES NETO, 800- BAIRRO LUCIANO CAVALCANTE SECAT ","1.062,50",
FALSE,FALSE,FALSE,FALSE,FALSE,258,60094395,,DISPOSITIVO DE CAPTURA DE IMAGENS DIGITAIS (CAMERA DIGITAL) - KIT BIO - MARCA: CANON MODELO: SX510 HS SERIE: 150308396,001179-0100000092 - SEÇÃO DE SUPORTE E ATENDIMENTO AO USUÁRIO SESAT 100000361-TRE-CE-NOVA SEDE OPR- NÚCLEO DO SERVIÇO DE OPERAÇÃO - SESAT,"1.062,50",
TRUE,FALSE,FALSE,FALSE,FALSE,259,60096515,,DISPOSITIVO DE CAPTURA DE IMAGENS DIGITAIS (CAMERA DIGITAL) KIT BIO - MARCA: CANON MODELO: SX510 HS - SERIE: 150310516,"001082-0100000092 - SEÇÃO DE SUPORTE E ATENDIMENTO AO USUÁRIO SESAT 100000279-TRE-CE NOVA SEDE TÉRREO - RUA DR. PONTES NETO, 800 BAIRRO LUCIANO CAVALCANTE - SESAT ","1.062,50",
FALSE,FALSE,FALSE,FALSE,FALSE,260,60105297,,MODULO CENÁRIO KIT BIO MARCA: AKIYAMA - MODELO: AK-MCP 14V - SERIE: 150502298,001179-0100000092 - SEÇÃO DE SUPORTE E ATENDIMENTO AO USUÁRIO SESAT 100000361-TRE-CE-NOVA SEDE OPR- NÚCLEO DO SERVIÇO DE OPERAÇÃO - SESAT,"632,7",
FALSE,FALSE,FALSE,FALSE,FALSE,261,60135653,,TRIPE KIT BIO - MARCA: AKIYAMA,"001082-0100000092 - SEÇÃO DE SUPORTE E ATENDIMENTO AO USUÁRIO - SESAT 100000279-TRE-CE NOVA SEDE TÉRREO - RUA DR. PONTES NETO, 800 BAIRRO LUCIANO CAVALCANTE SESAT ",80,
TRUE,FALSE,FALSE,FALSE,FALSE,262,60154276,,LEITOR ÓTICO DE IMPRESSÕES DIGITAIS (SCANER) - KIT BIOMARCA: AKIYAMA - SERIE: AK.06-24483,"001082-0100000092 - SEÇÃO DE SUPORTE E ATENDIMENTO AO USUÁRIO SESAT 100000279-TRE-CENOVA SEDE TÉRREO - RUA DR. PONTES NETO, 800 BAIRRO LUCIANO CAVALCANTE SESAT ","1.650,00",
TRUE,FALSE,FALSE,FALSE,FALSE,263,60178269,,DISPOSITIVO DE BIOMETRIA FACIAL (CAMERA FOTOGRÁFICA DIGITAL) - KIT BIO MARCA: AKIYAMA MODELO: AKYSCAM-PLUS-SERIE: ΑΚ.03-05148,"001082-0100000092 - SEÇÃO DE SUPORTE E ATENDIMENTO AO USUÁRIO SESAT 100000279-TRE-CE NOVA SEDE TÉRREO - RUA DR. PONTES NETO, 800 BAIRRO LUCIANO CAVALCANTE SESAT ",990,
FALSE,FALSE,FALSE,FALSE,FALSE,264,60186063,,PAD PARA CAPTURA DE ASSINATURA DO ELEITOR - KIT BIO MARCA: AKIYAMA MODELO: AK560 - SERIE: AK. 06-37392,"001082-0100000092 - SEÇÃO DE SUPORTE E ATENDIMENTO AO USUÁRIO SESAT 100000279-TRE-CENOVA SEDE TÉRREO - RUA DR. PONTES NETO, 800 BAIRRO LUCIANO CAVALCANTE - SESAT ","1.399,00",
TRUE,FALSE,FALSE,FALSE,FALSE,265,60195242,,DISPOSITIVO DE ILUMINAÇÃO (RING LIGHT) COM TRIPE KIT BIOMARCA: AKIYAMA - SERIE: AK.02-22124,"001082-0100000092 - SEÇÃO DE SUPORTE E ATENDIMENTO AO USUÁRIO SESAT 100000279-TRE-CE NOVA SEDE TERREO - RUA DR. PONTES NETO, 800 BAIRRO LUCIANO CAVALCANTE SESAT ",300,
FALSE,TRUE,FALSE,FALSE,FALSE,,00045321,,CADEIRA SEM BRAÇO,,,
FALSE,TRUE,FALSE,FALSE,FALSE,,00045255,,CADEIRA SEM BRAÇO DEFEITO,,,
FALSE,TRUE,FALSE,FALSE,FALSE,,00044423,,CADEIRA NORMAL,,,
FALSE,TRUE,FALSE,FALSE,FALSE,,,,NOOT(TOMBADO) IMGCMG,,,
FALSE,TRUE,FALSE,FALSE,FALSE,,,,TELEFONE(SEM TOMBAMENTO),,,
FALSE,TRUE,FALSE,FALSE,FALSE,,00037768,,Voip,,,
FALSE,TRUE,FALSE,FALSE,FALSE,,00057096,,Notebook,,,
FALSE,TRUE,FALSE,FALSE,FALSE,,00059253,,gaveteiro de madeira,,,
FALSE,TRUE,FALSE,FALSE,FALSE,,00062309,,ESTAÇAO DE TRABALHO,,,
FALSE,TRUE,FALSE,FALSE,FALSE,,00059224,,gaveteiro de madeira,,,
FALSE,TRUE,FALSE,FALSE,FALSE,,00057094,,notebook,,,
FALSE,TRUE,FALSE,FALSE,FALSE,,00062308,,Estação de trabalho,,,
FALSE,TRUE,FALSE,FALSE,FALSE,,00062307,,Estação de trabalho,,,
FALSE,TRUE,FALSE,FALSE,FALSE,,00044389,,Poltrona giratoria,,,
FALSE,TRUE,FALSE,FALSE,FALSE,,,,SIGNATURE CAPTURE PAD(4300UN1505A3241),,,
FALSE,TRUE,FALSE,FALSE,FALSE,,00059058,,gaveteiro de madeira,,,
FALSE,TRUE,FALSE,FALSE,FALSE,,00057089,,"notebook com tombamento, mas não ta na lista",,,
FALSE,TRUE,FALSE,FALSE,FALSE,,00033992,,Poltrona giratoria,,,
FALSE,TRUE,FALSE,FALSE,FALSE,,00057946,,MINI CPU POSITIVO,,,
FALSE,TRUE,FALSE,FALSE,FALSE,,00062306,,Estação de trabalho,,,
FALSE,TRUE,FALSE,FALSE,FALSE,,,,CAMERA (150310502),,,
FALSE,TRUE,FALSE,FALSE,FALSE,,00059030,,gaveteiro de madeira,,,
FALSE,TRUE,FALSE,FALSE,FALSE,,60077331,,COLETOR BIOMETRIA,,,
FALSE,TRUE,FALSE,FALSE,FALSE,,00059112,,gaveteiro de madeira,,,
FALSE,TRUE,FALSE,FALSE,FALSE,,00059045,,GAVETEIRO DE MADEIRA,,,
FALSE,TRUE,FALSE,FALSE,FALSE,,00062310,,Estação de trabalho,,,
FALSE,TRUE,FALSE,FALSE,FALSE,,00060140,,ARMARIO_MADEIRA,,,
FALSE,TRUE,FALSE,FALSE,FALSE,,00060145,,ARMARIO_MADEIRA,,,
FALSE,TRUE,FALSE,FALSE,FALSE,,00047238,,MONITOR,,,
FALSE,TRUE,FALSE,FALSE,FALSE,,00059115,,GAVETEIRO,,,
FALSE,TRUE,FALSE,FALSE,FALSE,,00056474,,NOBREAK,,,
FALSE,TRUE,FALSE,FALSE,FALSE,,00062311,,Estação de trabalho,,,
FALSE,TRUE,FALSE,FALSE,FALSE,,00074402,,"MICROCOMPUTADOR DESKTOP DESCRICAO: MINI CPU COM PROCESSADOR INTEL CORE 17, 3.6 GHZ, MEMÓRIA 8GB, DISCO RIGIDO DE 1 TB. ACESSÓRIOS: TECLADO, MOUSE ÓTICO E FONTE DE ALIMENTAÇÃO. MARCA: HP MODELO: ELITEDESK ED800 G2 DM SERIE: BRJ61239JD ",,,
FALSE,TRUE,FALSE,FALSE,FALSE,,00059223,,Gaveteiro,,,
FALSE,TRUE,FALSE,FALSE,FALSE,,00058881,,Estação de trabalho,,,
FALSE,TRUE,FALSE,FALSE,FALSE,,00060153,,Armário,,,
FALSE,TRUE,FALSE,FALSE,FALSE,,00063582,,Monitor Positivo (311AZWS71473),,,
FALSE,TRUE,FALSE,FALSE,FALSE,,60085525,,Dispositivo de biometria,,,
FALSE,TRUE,FALSE,FALSE,FALSE,,00088418,,Tripé com lupa,,,